Time,Source,Destination,Protocol,Length,Label
0.663761,10.0.0.3,10.0.0.6,IPv4,1514,1
0.916882,10.0.0.5,10.0.0.6,TCP,1057,1
1.067398,10.0.0.3,10.0.0.6,IPv4,1514,1
1.086209,10.0.0.3,10.0.0.6,IPv4,574,1
1.215883,10.0.0.3,10.0.0.6,IPv4,1514,1
1.532196,10.0.0.5,10.0.0.6,TCP,1057,1
1.74684,10.0.0.5,10.0.0.6,TCP,1057,1
2.646866,10.0.0.3,10.0.0.6,IPv4,1514,1
2.834132,10.0.0.5,10.0.0.6,TCP,1057,1
3.260954,10.0.0.5,10.0.0.6,TCP,1057,1
3.332652,10.0.0.3,10.0.0.6,IPv4,1514,1
4.159028,10.0.0.5,10.0.0.6,TCP,1057,1
4.251266,10.0.0.3,10.0.0.6,IPv4,1514,1
4.479616,10.0.0.5,10.0.0.6,TCP,1057,1
4.637982,10.0.0.3,10.0.0.6,TCP,574,1
4.800889,10.0.0.5,10.0.0.6,TCP,1057,1
5.325242,10.0.0.3,10.0.0.6,IPv4,1514,1
6.125325,10.0.0.5,10.0.0.6,TCP,1057,1
6.442762,10.0.0.2,10.0.0.6,TCP,74,1
6.931312,10.0.0.3,10.0.0.6,IPv4,1514,1
7.171174,10.0.0.3,10.0.0.6,TCP,574,1
9.096929,10.0.0.3,10.0.0.6,TCP,1514,1
9.19132,10.0.0.5,10.0.0.6,TCP,1057,1
9.526738,10.0.0.5,10.0.0.6,TCP,1057,1
9.550745,10.0.0.5,10.0.0.6,TCP,1057,1
10.083161,10.0.0.3,10.0.0.6,TCP,1514,1
10.481429,10.0.0.2,10.0.0.6,TCP,1514,1
10.816888,10.0.0.5,10.0.0.6,TCP,1057,1
11.097102,10.0.0.3,10.0.0.6,TCP,1514,1
11.705351,10.0.0.5,10.0.0.6,TCP,1057,1
12.413423,10.0.0.5,10.0.0.6,TCP,1057,1
12.575327,10.0.0.5,10.0.0.6,TCP,1057,1
12.765032,10.0.0.3,10.0.0.6,TCP,574,1
12.783508,10.0.0.5,10.0.0.6,TCP,1057,1
12.83898,10.0.0.5,10.0.0.6,TCP,1057,1
12.944779,10.0.0.5,10.0.0.6,TCP,1057,1
13.293918,10.0.0.3,10.0.0.6,IPv4,1514,1
13.433902,10.0.0.5,10.0.0.6,TCP,1057,1
13.698893,10.0.0.3,10.0.0.6,IPv4,1514,1
15.724617,10.0.0.3,10.0.0.6,IPv4,1514,1
16.321662,10.0.0.5,10.0.0.6,TCP,1057,1
16.424286,10.0.0.5,10.0.0.6,TCP,1057,1
16.443655,10.0.0.3,10.0.0.6,IPv4,1514,1
17.198404,10.0.0.3,10.0.0.6,IPv4,1514,1
17.7107,10.0.0.3,10.0.0.6,IPv4,1514,1
18.153251,10.0.0.3,10.0.0.6,IPv4,1514,1
18.260793,10.0.0.3,10.0.0.6,IPv4,1514,1
18.877503,10.0.0.5,10.0.0.6,TCP,1057,1
18.888572,10.0.0.5,10.0.0.6,TCP,1057,1
19.409002,10.0.0.3,10.0.0.6,IPv4,1514,1
19.860412,10.0.0.3,10.0.0.6,IPv4,1514,1
19.863664,10.0.0.3,10.0.0.6,IPv4,1514,1
20.253775,10.0.0.3,10.0.0.6,IPv4,1514,1
20.373744,10.0.0.5,10.0.0.6,TCP,1057,1
20.443989,10.0.0.3,10.0.0.6,IPv4,1514,1
20.97502,10.0.0.3,10.0.0.6,IPv4,1514,1
21.168218,10.0.0.3,10.0.0.6,IPv4,1514,1
21.686552,10.0.0.3,10.0.0.6,IPv4,1514,1
21.818847,10.0.0.5,10.0.0.6,TCP,1057,1
21.871105,10.0.0.3,10.0.0.6,TCP,1514,1
22.366005,10.0.0.5,10.0.0.6,TCP,1057,1
23.070485,10.0.0.5,10.0.0.6,TCP,1057,1
23.485673,10.0.0.3,10.0.0.6,IPv4,1514,1
23.543781,10.0.0.3,10.0.0.6,IPv4,1514,1
23.802696,10.0.0.5,10.0.0.6,TCP,1057,1
24.75986,10.0.0.3,10.0.0.6,IPv4,1514,1
25.223179,10.0.0.5,10.0.0.6,TCP,1057,1
27.86451,10.0.0.3,10.0.0.6,IPv4,1514,1
28.096458,10.0.0.5,10.0.0.6,TCP,1057,1
28.404149,10.0.0.5,10.0.0.6,TCP,1057,1
29.171149,10.0.0.5,10.0.0.6,TCP,1057,1
29.427312,10.0.0.5,10.0.0.6,TCP,1057,1
29.554647,10.0.0.3,10.0.0.6,IPv4,1514,1
29.701777,10.0.0.3,10.0.0.6,IPv4,1514,1
29.872196,10.0.0.3,10.0.0.6,IPv4,1514,1
30.269127,10.0.0.3,10.0.0.6,IPv4,1514,1
30.311403,10.0.0.5,10.0.0.6,TCP,1057,1
30.482274,10.0.0.5,10.0.0.6,TCP,1057,1
30.504785,10.0.0.3,10.0.0.6,IPv4,1514,1
30.717308,10.0.0.3,10.0.0.6,TCP,574,1
30.909499,10.0.0.5,10.0.0.6,TCP,1057,1
31.34386,10.0.0.5,10.0.0.6,TCP,1057,1
31.512043,10.0.0.5,10.0.0.6,TCP,1057,1
32.18867,10.0.0.5,10.0.0.6,TCP,1057,1
32.314733,10.0.0.3,10.0.0.6,IPv4,1514,1
32.334856,10.0.0.5,10.0.0.6,TCP,1057,1
32.789789,10.0.0.3,10.0.0.6,IPv4,1514,1
33.369713,10.0.0.5,10.0.0.6,TCP,1057,1
33.41397,10.0.0.5,10.0.0.6,TCP,1057,1
34.460975,10.0.0.5,10.0.0.6,TCP,1057,1
35.016741,10.0.0.5,10.0.0.6,TCP,1057,1
35.405187,10.0.0.5,10.0.0.6,TCP,1057,1
35.573256,10.0.0.5,10.0.0.6,TCP,1057,1
35.893422,10.0.0.5,10.0.0.6,TCP,1057,1
35.998156,10.0.0.5,10.0.0.6,TCP,1057,1
36.02246,10.0.0.5,10.0.0.6,TCP,1057,1
36.493373,10.0.0.5,10.0.0.6,TCP,1057,1
36.637031,10.0.0.5,10.0.0.6,TCP,1057,1
36.696942,10.0.0.5,10.0.0.6,TCP,1057,1
36.918617,10.0.0.3,10.0.0.6,IPv4,1514,1
36.967498,10.0.0.3,10.0.0.6,IPv4,574,1
37.070716,10.0.0.5,10.0.0.6,TCP,1057,1
37.071311,10.0.0.5,10.0.0.6,TCP,1057,1
37.226408,10.0.0.5,10.0.0.6,TCP,1057,1
37.484441,10.0.0.4,10.0.0.6,TCP,954,1
37.506073,10.0.0.5,10.0.0.6,TCP,1057,1
37.555186,10.0.0.4,10.0.0.6,TCP,954,1
37.724864,10.0.0.3,10.0.0.6,IPv4,1514,1
37.913944,10.0.0.5,10.0.0.6,TCP,1057,1
37.986913,10.0.0.5,10.0.0.6,TCP,1057,1
38.551145,10.0.0.5,10.0.0.6,TCP,1057,1
38.843185,10.0.0.5,10.0.0.6,TCP,1057,1
38.951949,10.0.0.3,10.0.0.6,IPv4,1514,1
38.997288,10.0.0.5,10.0.0.6,TCP,1057,1
39.069092,10.0.0.3,10.0.0.6,IPv4,1514,1
39.159389,10.0.0.5,10.0.0.6,TCP,1057,1
39.53127,10.0.0.5,10.0.0.6,TCP,1057,1
40.735399,10.0.0.5,10.0.0.6,TCP,1057,1
40.975877,10.0.0.5,10.0.0.6,TCP,1057,1
41.152268,10.0.0.3,10.0.0.6,IPv4,1514,1
41.548363,10.0.0.3,10.0.0.6,IPv4,1514,1
42.03907,10.0.0.3,10.0.0.6,IPv4,1514,1
42.370897,10.0.0.5,10.0.0.6,TCP,1057,1
42.3999,10.0.0.5,10.0.0.6,TCP,1057,1
43.762623,10.0.0.5,10.0.0.6,TCP,1057,1
43.850954,10.0.0.3,10.0.0.6,IPv4,1514,1
43.927913,10.0.0.3,10.0.0.6,IPv4,1514,1
43.929503,10.0.0.5,10.0.0.6,TCP,1057,1
44.039719,10.0.0.3,10.0.0.6,IPv4,1514,1
44.471341,10.0.0.5,10.0.0.6,TCP,1057,1
44.660464,10.0.0.3,10.0.0.6,IPv4,1514,1
45.005243,10.0.0.3,10.0.0.6,IPv4,1514,1
45.141748,10.0.0.5,10.0.0.6,TCP,1057,1
45.544888,10.0.0.5,10.0.0.6,TCP,1057,1
45.647196,10.0.0.3,10.0.0.6,IPv4,1514,1
46.959078,10.0.0.5,10.0.0.6,TCP,1057,1
47.255756,10.0.0.5,10.0.0.6,TCP,1057,1
47.453005,10.0.0.3,10.0.0.6,IPv4,1514,1
47.549967,10.0.0.3,10.0.0.6,IPv4,1514,1
48.035828,10.0.0.3,10.0.0.6,IPv4,1514,1
48.685652,10.0.0.3,10.0.0.6,IPv4,1514,1
49.45309,10.0.0.5,10.0.0.6,TCP,1057,1
50.174813,10.0.0.5,10.0.0.6,TCP,1057,1
50.308516,10.0.0.3,10.0.0.6,IPv4,1514,1
50.380559,10.0.0.3,10.0.0.6,IPv4,1514,1
50.398827,10.0.0.5,10.0.0.6,TCP,1057,1
50.61662,10.0.0.4,10.0.0.6,TCP,954,1
50.617829,10.0.0.4,10.0.0.6,TCP,954,1
50.729717,10.0.0.3,10.0.0.6,IPv4,1514,1
50.945444,10.0.0.5,10.0.0.6,TCP,1057,1
51.849955,10.0.0.3,10.0.0.6,IPv4,1514,1
51.916735,10.0.0.3,10.0.0.6,IPv4,1514,1
53.5078,10.0.0.5,10.0.0.6,TCP,1057,1
53.97652,10.0.0.3,10.0.0.6,IPv4,1514,1
54.068326,10.0.0.5,10.0.0.6,TCP,1057,1
54.51838,10.0.0.3,10.0.0.6,IPv4,1514,1
54.557382,10.0.0.5,10.0.0.6,TCP,1057,1
54.701216,10.0.0.5,10.0.0.6,TCP,1057,1
55.149871,10.0.0.3,10.0.0.6,IPv4,1514,1
55.822018,10.0.0.3,10.0.0.6,IPv4,1514,1
55.901155,10.0.0.5,10.0.0.6,TCP,1057,1
55.954898,10.0.0.3,10.0.0.6,IPv4,1514,1
56.13857,10.0.0.5,10.0.0.6,TCP,1057,1
57.826132,10.0.0.3,10.0.0.6,IPv4,1514,1
58.168203,10.0.0.5,10.0.0.6,TCP,1057,1
58.400585,10.0.0.5,10.0.0.6,TCP,1057,1
59.114996,10.0.0.5,10.0.0.6,TCP,1057,1
59.133432,10.0.0.5,10.0.0.6,TCP,1057,1
59.137152,10.0.0.5,10.0.0.6,TCP,1057,1
59.305779,10.0.0.5,10.0.0.6,TCP,1057,1
59.832646,10.0.0.3,10.0.0.6,IPv4,1514,1
60.173894,10.0.0.5,10.0.0.6,TCP,1057,1
60.574222,10.0.0.5,10.0.0.6,TCP,1057,1
60.742236,10.0.0.4,10.0.0.6,TCP,954,1
60.912994,10.0.0.5,10.0.0.6,TCP,1057,1
61.05178,10.0.0.3,10.0.0.6,IPv4,1514,1
61.233895,10.0.0.3,10.0.0.6,IPv4,1514,1
61.707003,10.0.0.3,10.0.0.6,IPv4,1514,1
62.363404,10.0.0.3,10.0.0.6,IPv4,1514,1
62.622043,10.0.0.5,10.0.0.6,TCP,1057,1
62.786894,10.0.0.5,10.0.0.6,TCP,1057,1
64.027665,10.0.0.5,10.0.0.6,TCP,1057,1
64.272166,10.0.0.3,10.0.0.6,TCP,574,1
64.593203,10.0.0.3,10.0.0.6,IPv4,1514,1
64.611438,10.0.0.5,10.0.0.6,TCP,1057,1
65.040343,10.0.0.3,10.0.0.6,IPv4,1514,1
65.058766,10.0.0.5,10.0.0.6,TCP,1057,1
65.16196,10.0.0.5,10.0.0.6,TCP,1057,1
65.182495,10.0.0.5,10.0.0.6,TCP,1057,1
65.289081,10.0.0.3,10.0.0.6,IPv4,1514,1
66.197401,10.0.0.5,10.0.0.6,TCP,1057,1
66.203199,10.0.0.3,10.0.0.6,IPv4,1514,1
66.710039,10.0.0.5,10.0.0.6,TCP,1057,1
67.313231,10.0.0.5,10.0.0.6,TCP,1057,1
67.32853,10.0.0.5,10.0.0.6,TCP,1057,1
67.456599,10.0.0.3,10.0.0.6,IPv4,1514,1
67.93747,10.0.0.5,10.0.0.6,TCP,1057,1
68.155482,10.0.0.3,10.0.0.6,IPv4,1514,1
68.467005,10.0.0.3,10.0.0.6,IPv4,1514,1
68.870842,10.0.0.3,10.0.0.6,IPv4,1514,1
68.898285,10.0.0.5,10.0.0.6,TCP,1057,1
70.532491,10.0.0.3,10.0.0.6,IPv4,1514,1
70.839393,10.0.0.2,10.0.0.6,TCP,126,1
70.846004,10.0.0.5,10.0.0.6,TCP,1057,1
70.890279,10.0.0.3,10.0.0.6,IPv4,1514,1
71.303578,10.0.0.5,10.0.0.6,TCP,1057,1
71.996103,10.0.0.2,10.0.0.6,TCP,1514,1
72.903533,10.0.0.5,10.0.0.6,TCP,1057,1
72.922923,10.0.0.5,10.0.0.6,TCP,1057,1
73.213865,10.0.0.3,10.0.0.6,IPv4,1514,1
73.364953,10.0.0.5,10.0.0.6,TCP,1057,1
73.501092,10.0.0.5,10.0.0.6,TCP,1057,1
73.712499,10.0.0.3,10.0.0.6,IPv4,1514,1
73.808726,10.0.0.5,10.0.0.6,TCP,1057,1
73.857309,10.0.0.5,10.0.0.6,TCP,1057,1
73.937008,10.0.0.5,10.0.0.6,TCP,1057,1
74.313308,10.0.0.5,10.0.0.6,TCP,1057,1
74.495107,10.0.0.3,10.0.0.6,IPv4,1514,1
75.33508,10.0.0.5,10.0.0.6,TCP,1057,1
75.897001,10.0.0.3,10.0.0.6,IPv4,1514,1
76.173682,10.0.0.5,10.0.0.6,TCP,1057,1
76.223911,10.0.0.3,10.0.0.6,IPv4,1514,1
76.82573,10.0.0.5,10.0.0.6,TCP,1057,1
77.226313,10.0.0.3,10.0.0.6,IPv4,1514,1
78.519695,10.0.0.3,10.0.0.6,IPv4,1514,1
79.653043,10.0.0.5,10.0.0.6,TCP,1057,1
80.146294,10.0.0.3,10.0.0.6,IPv4,1514,1
80.484513,10.0.0.3,10.0.0.6,IPv4,1514,1
80.580111,10.0.0.5,10.0.0.6,TCP,1057,1
81.337501,10.0.0.3,10.0.0.6,IPv4,1514,1
81.385759,10.0.0.3,10.0.0.6,IPv4,1514,1
81.613868,10.0.0.3,10.0.0.6,IPv4,1514,1
81.70023,10.0.0.3,10.0.0.6,IPv4,1514,1
82.862303,10.0.0.4,10.0.0.6,TCP,954,1
82.930616,10.0.0.4,10.0.0.6,TCP,954,1
83.527175,10.0.0.5,10.0.0.6,TCP,1057,1
84.085894,10.0.0.5,10.0.0.6,TCP,1057,1
84.17636,10.0.0.5,10.0.0.6,TCP,1057,1
84.465555,10.0.0.5,10.0.0.6,TCP,1057,1
84.676977,10.0.0.5,10.0.0.6,TCP,1057,1
84.837062,10.0.0.5,10.0.0.6,TCP,1057,1
84.990958,10.0.0.5,10.0.0.6,TCP,1057,1
85.013786,10.0.0.5,10.0.0.6,TCP,1057,1
85.04003,10.0.0.5,10.0.0.6,TCP,1057,1
85.050147,10.0.0.5,10.0.0.6,TCP,1057,1
85.32412,10.0.0.2,10.0.0.6,TCP,1514,1
85.327034,10.0.0.5,10.0.0.6,TCP,1057,1
85.414366,10.0.0.2,10.0.0.6,TCP,1514,1
85.415581,10.0.0.2,10.0.0.6,TCP,1514,1
85.456538,10.0.0.2,10.0.0.6,TCP,1514,1
85.458584,10.0.0.2,10.0.0.6,TCP,1514,1
85.500393,10.0.0.2,10.0.0.6,TCP,1514,1
85.503286,10.0.0.2,10.0.0.6,TCP,1514,1
85.544252,10.0.0.2,10.0.0.6,TCP,1514,1
85.547986,10.0.0.2,10.0.0.6,TCP,1514,1
85.55174,10.0.0.5,10.0.0.6,TCP,1057,1
85.588108,10.0.0.2,10.0.0.6,TCP,1514,1
85.591861,10.0.0.2,10.0.0.6,TCP,1514,1
85.631958,10.0.0.2,10.0.0.6,TCP,1514,1
85.634016,10.0.0.2,10.0.0.6,TCP,1514,1
85.674971,10.0.0.2,10.0.0.6,TCP,1514,1
85.676178,10.0.0.2,10.0.0.6,TCP,1514,1
85.717138,10.0.0.2,10.0.0.6,TCP,1514,1
85.718348,10.0.0.2,10.0.0.6,TCP,1514,1
85.759327,10.0.0.2,10.0.0.6,TCP,1514,1
85.760525,10.0.0.2,10.0.0.6,TCP,1514,1
85.801471,10.0.0.2,10.0.0.6,TCP,1514,1
85.802672,10.0.0.2,10.0.0.6,TCP,1514,1
85.845654,10.0.0.2,10.0.0.6,TCP,1514,1
85.846672,10.0.0.2,10.0.0.6,TCP,1514,1
85.887658,10.0.0.2,10.0.0.6,TCP,1514,1
85.888829,10.0.0.2,10.0.0.6,TCP,1514,1
85.929299,10.0.0.5,10.0.0.6,TCP,1057,1
85.929843,10.0.0.2,10.0.0.6,TCP,1514,1
85.931001,10.0.0.2,10.0.0.6,TCP,1514,1
85.972413,10.0.0.2,10.0.0.6,TCP,1514,1
85.973381,10.0.0.2,10.0.0.6,TCP,1514,1
85.985021,10.0.0.5,10.0.0.6,TCP,1057,1
86.014122,10.0.0.2,10.0.0.6,TCP,1514,1
86.015319,10.0.0.2,10.0.0.6,TCP,1514,1
86.034307,10.0.0.5,10.0.0.6,TCP,1057,1
86.056283,10.0.0.2,10.0.0.6,TCP,1514,1
86.057489,10.0.0.2,10.0.0.6,TCP,1514,1
86.098447,10.0.0.2,10.0.0.6,TCP,1514,1
86.099668,10.0.0.2,10.0.0.6,TCP,1514,1
86.141515,10.0.0.2,10.0.0.6,TCP,1514,1
86.142715,10.0.0.2,10.0.0.6,TCP,1514,1
86.183685,10.0.0.2,10.0.0.6,TCP,1514,1
86.184883,10.0.0.2,10.0.0.6,TCP,1514,1
86.24289,10.0.0.2,10.0.0.6,TCP,1514,1
86.245004,10.0.0.2,10.0.0.6,TCP,1514,1
86.284747,10.0.0.2,10.0.0.6,TCP,1514,1
86.28597,10.0.0.2,10.0.0.6,TCP,1514,1
86.326917,10.0.0.2,10.0.0.6,TCP,1514,1
86.32812,10.0.0.2,10.0.0.6,TCP,1514,1
86.369078,10.0.0.2,10.0.0.6,TCP,1514,1
86.370282,10.0.0.2,10.0.0.6,TCP,1514,1
86.411262,10.0.0.2,10.0.0.6,TCP,1514,1
86.413799,10.0.0.2,10.0.0.6,TCP,1514,1
86.453478,10.0.0.2,10.0.0.6,TCP,1514,1
86.494434,10.0.0.2,10.0.0.6,TCP,1514,1
86.495647,10.0.0.2,10.0.0.6,TCP,1514,1
86.536611,10.0.0.2,10.0.0.6,TCP,1514,1
86.537819,10.0.0.2,10.0.0.6,TCP,2962,0
86.579973,10.0.0.2,10.0.0.6,TCP,1514,1
86.58118,10.0.0.2,10.0.0.6,TCP,2962,0
86.623361,10.0.0.2,10.0.0.6,TCP,1514,1
86.624582,10.0.0.2,10.0.0.6,TCP,2962,0
86.629527,10.0.0.2,10.0.0.6,TCP,2962,0
86.669153,10.0.0.2,10.0.0.6,TCP,1514,1
86.670378,10.0.0.2,10.0.0.6,TCP,2962,0
86.677018,10.0.0.2,10.0.0.6,TCP,2962,0
86.714952,10.0.0.2,10.0.0.6,TCP,2962,0
86.723304,10.0.0.2,10.0.0.6,TCP,2962,0
86.759592,10.0.0.2,10.0.0.6,TCP,2962,0
86.769565,10.0.0.2,10.0.0.6,TCP,2962,0
86.804137,10.0.0.2,10.0.0.6,TCP,2962,0
86.815299,10.0.0.2,10.0.0.6,TCP,2962,0
86.839186,10.0.0.5,10.0.0.6,TCP,1057,1
86.851031,10.0.0.2,10.0.0.6,TCP,2962,0
86.863601,10.0.0.2,10.0.0.6,TCP,2962,0
86.895623,10.0.0.2,10.0.0.6,TCP,2962,0
86.909871,10.0.0.2,10.0.0.6,TCP,2962,0
86.940199,10.0.0.2,10.0.0.6,TCP,2962,0
86.956152,10.0.0.2,10.0.0.6,TCP,2962,0
86.984811,10.0.0.2,10.0.0.6,TCP,2962,0
87.002435,10.0.0.2,10.0.0.6,TCP,2962,0
87.021777,10.0.0.5,10.0.0.6,TCP,1057,1
87.029387,10.0.0.2,10.0.0.6,TCP,2962,0
87.048711,10.0.0.2,10.0.0.6,TCP,2962,0
87.073966,10.0.0.2,10.0.0.6,TCP,2962,0
87.094999,10.0.0.2,10.0.0.6,TCP,2962,0
87.11855,10.0.0.2,10.0.0.6,TCP,2962,0
87.141307,10.0.0.2,10.0.0.6,TCP,2962,0
87.163174,10.0.0.2,10.0.0.6,TCP,2962,0
87.187587,10.0.0.2,10.0.0.6,TCP,2962,0
87.207772,10.0.0.2,10.0.0.6,TCP,2962,0
87.233867,10.0.0.2,10.0.0.6,TCP,2962,0
87.25235,10.0.0.2,10.0.0.6,TCP,2962,0
87.280141,10.0.0.2,10.0.0.6,TCP,2962,0
87.29694,10.0.0.2,10.0.0.6,TCP,2962,0
87.304427,10.0.0.5,10.0.0.6,TCP,1057,1
87.326421,10.0.0.2,10.0.0.6,TCP,2962,0
87.341531,10.0.0.2,10.0.0.6,TCP,1514,1
87.34275,10.0.0.2,10.0.0.6,TCP,2962,0
87.373911,10.0.0.2,10.0.0.6,TCP,2962,0
87.387318,10.0.0.2,10.0.0.6,TCP,2962,0
87.42019,10.0.0.2,10.0.0.6,TCP,2962,0
87.431907,10.0.0.2,10.0.0.6,TCP,2962,0
87.466474,10.0.0.2,10.0.0.6,TCP,2962,0
87.476501,10.0.0.2,10.0.0.6,TCP,2962,0
87.512749,10.0.0.2,10.0.0.6,TCP,2962,0
87.521088,10.0.0.2,10.0.0.6,TCP,2962,0
87.559058,10.0.0.2,10.0.0.6,TCP,2962,0
87.575798,10.0.0.2,10.0.0.6,TCP,2962,0
87.623324,10.0.0.2,10.0.0.6,TCP,2962,0
87.628328,10.0.0.2,10.0.0.6,TCP,2962,0
87.668695,10.0.0.2,10.0.0.6,TCP,2962,0
87.673655,10.0.0.2,10.0.0.6,TCP,2962,0
87.714972,10.0.0.2,10.0.0.6,TCP,2962,0
87.718246,10.0.0.2,10.0.0.6,TCP,2962,0
87.760417,10.0.0.2,10.0.0.6,TCP,2962,0
87.762843,10.0.0.2,10.0.0.6,TCP,2962,0
87.805102,10.0.0.2,10.0.0.6,TCP,2962,0
87.807426,10.0.0.2,10.0.0.6,TCP,2962,0
87.852547,10.0.0.2,10.0.0.6,TCP,2962,0
87.854972,10.0.0.2,10.0.0.6,TCP,2962,0
87.897133,10.0.0.2,10.0.0.6,TCP,2962,0
87.899547,10.0.0.2,10.0.0.6,TCP,2962,0
87.919737,10.0.0.5,10.0.0.6,TCP,1057,1
87.94173,10.0.0.2,10.0.0.6,TCP,2962,0
87.944142,10.0.0.2,10.0.0.6,TCP,2962,0
87.986473,10.0.0.2,10.0.0.6,TCP,2962,0
87.988727,10.0.0.2,10.0.0.6,TCP,2962,0
88.030893,10.0.0.2,10.0.0.6,TCP,2962,0
88.033317,10.0.0.2,10.0.0.6,TCP,1514,1
88.037069,10.0.0.2,10.0.0.6,TCP,2962,0
88.076698,10.0.0.2,10.0.0.6,TCP,2962,0
88.083342,10.0.0.2,10.0.0.6,TCP,2962,0
88.121281,10.0.0.2,10.0.0.6,TCP,2962,0
88.129627,10.0.0.2,10.0.0.6,TCP,2962,0
88.16587,10.0.0.2,10.0.0.6,TCP,2962,0
88.175907,10.0.0.2,10.0.0.6,TCP,2962,0
88.210461,10.0.0.2,10.0.0.6,TCP,2962,0
88.222174,10.0.0.2,10.0.0.6,TCP,2962,0
88.255046,10.0.0.2,10.0.0.6,TCP,2962,0
88.268469,10.0.0.2,10.0.0.6,TCP,2962,0
88.299911,10.0.0.2,10.0.0.6,TCP,2962,0
88.314732,10.0.0.2,10.0.0.6,TCP,2962,0
88.344222,10.0.0.2,10.0.0.6,TCP,2962,0
88.360176,10.0.0.2,10.0.0.6,TCP,2962,0
88.38881,10.0.0.2,10.0.0.6,TCP,2962,0
88.406461,10.0.0.2,10.0.0.6,TCP,2962,0
88.43343,10.0.0.2,10.0.0.6,TCP,2962,0
88.452732,10.0.0.2,10.0.0.6,TCP,2962,0
88.478014,10.0.0.2,10.0.0.6,TCP,2962,0
88.499008,10.0.0.2,10.0.0.6,TCP,2962,0
88.522574,10.0.0.2,10.0.0.6,TCP,2962,0
88.545299,10.0.0.2,10.0.0.6,TCP,2962,0
88.568006,10.0.0.2,10.0.0.6,TCP,2962,0
88.591576,10.0.0.2,10.0.0.6,TCP,2962,0
88.612595,10.0.0.2,10.0.0.6,TCP,2962,0
88.637858,10.0.0.2,10.0.0.6,TCP,2962,0
88.657183,10.0.0.2,10.0.0.6,TCP,2962,0
88.684132,10.0.0.2,10.0.0.6,TCP,2962,0
88.701771,10.0.0.2,10.0.0.6,TCP,2962,0
88.730413,10.0.0.2,10.0.0.6,TCP,1514,1
88.731625,10.0.0.2,10.0.0.6,TCP,2962,0
88.747562,10.0.0.2,10.0.0.6,TCP,2962,0
88.778737,10.0.0.2,10.0.0.6,TCP,2962,0
88.792238,10.0.0.2,10.0.0.6,TCP,2962,0
88.826677,10.0.0.2,10.0.0.6,TCP,2962,0
88.838401,10.0.0.2,10.0.0.6,TCP,2962,0
88.872968,10.0.0.2,10.0.0.6,TCP,2962,0
88.882994,10.0.0.2,10.0.0.6,TCP,2962,0
88.919283,10.0.0.2,10.0.0.6,TCP,2962,0
88.927579,10.0.0.2,10.0.0.6,TCP,2962,0
88.965525,10.0.0.2,10.0.0.6,TCP,2962,0
88.972189,10.0.0.2,10.0.0.6,TCP,2962,0
89.0118,10.0.0.2,10.0.0.6,TCP,2962,0
89.016758,10.0.0.2,10.0.0.6,TCP,2962,0
89.058109,10.0.0.2,10.0.0.6,TCP,2962,0
89.061341,10.0.0.2,10.0.0.6,TCP,2962,0
89.103517,10.0.0.2,10.0.0.6,TCP,2962,0
89.105967,10.0.0.2,10.0.0.6,TCP,2962,0
89.148109,10.0.0.2,10.0.0.6,TCP,2962,0
89.150537,10.0.0.2,10.0.0.6,TCP,2962,0
89.192687,10.0.0.2,10.0.0.6,TCP,2962,0
89.195121,10.0.0.2,10.0.0.6,TCP,2962,0
89.237281,10.0.0.2,10.0.0.6,TCP,2962,0
89.239703,10.0.0.2,10.0.0.6,TCP,2962,0
89.265815,10.0.0.5,10.0.0.6,TCP,1057,1
89.274251,10.0.0.5,10.0.0.6,TCP,1057,1
89.281859,10.0.0.2,10.0.0.6,TCP,2962,0
89.284283,10.0.0.2,10.0.0.6,TCP,2962,0
89.326459,10.0.0.2,10.0.0.6,TCP,2962,0
89.328868,10.0.0.2,10.0.0.6,TCP,2962,0
89.371044,10.0.0.2,10.0.0.6,TCP,2962,0
89.37351,10.0.0.2,10.0.0.6,TCP,2962,0
89.415637,10.0.0.2,10.0.0.6,TCP,1514,1
89.416836,10.0.0.2,10.0.0.6,TCP,2962,0
89.419282,10.0.0.2,10.0.0.6,TCP,2962,0
89.461423,10.0.0.2,10.0.0.6,TCP,2962,0
89.463875,10.0.0.2,10.0.0.6,TCP,2962,0
89.506052,10.0.0.2,10.0.0.6,TCP,2962,0
89.508629,10.0.0.2,10.0.0.6,TCP,2962,0
89.55067,10.0.0.2,10.0.0.6,TCP,2962,0
89.553256,10.0.0.2,10.0.0.6,TCP,2962,0
89.595291,10.0.0.2,10.0.0.6,TCP,2962,0
89.598121,10.0.0.2,10.0.0.6,TCP,2962,0
89.63979,10.0.0.2,10.0.0.6,TCP,2962,0
89.642289,10.0.0.2,10.0.0.6,TCP,2962,0
89.684521,10.0.0.2,10.0.0.6,TCP,2962,0
89.686805,10.0.0.2,10.0.0.6,TCP,2962,0
89.728953,10.0.0.2,10.0.0.6,TCP,2962,0
89.731466,10.0.0.2,10.0.0.6,TCP,2962,0
89.773555,10.0.0.2,10.0.0.6,TCP,2962,0
89.776003,10.0.0.2,10.0.0.6,TCP,2962,0
89.818145,10.0.0.2,10.0.0.6,TCP,2962,0
89.820602,10.0.0.2,10.0.0.6,TCP,2962,0
89.865572,10.0.0.2,10.0.0.6,TCP,2962,0
89.868002,10.0.0.2,10.0.0.6,TCP,2962,0
89.910251,10.0.0.2,10.0.0.6,TCP,2962,0
89.913407,10.0.0.2,10.0.0.6,TCP,2962,0
89.955577,10.0.0.2,10.0.0.6,TCP,2962,0
89.958042,10.0.0.2,10.0.0.6,TCP,2962,0
90.000203,10.0.0.2,10.0.0.6,TCP,2962,0
90.002775,10.0.0.2,10.0.0.6,TCP,2962,0
90.044774,10.0.0.2,10.0.0.6,TCP,2962,0
90.047534,10.0.0.2,10.0.0.6,TCP,2962,0
90.090271,10.0.0.2,10.0.0.6,TCP,1514,1
90.091431,10.0.0.2,10.0.0.6,TCP,2962,0
90.094049,10.0.0.2,10.0.0.6,TCP,2962,0
90.136171,10.0.0.2,10.0.0.6,TCP,2962,0
90.138417,10.0.0.2,10.0.0.6,TCP,2962,0
90.180869,10.0.0.2,10.0.0.6,TCP,2962,0
90.183139,10.0.0.2,10.0.0.6,TCP,2962,0
90.225238,10.0.0.2,10.0.0.6,TCP,2962,0
90.227586,10.0.0.2,10.0.0.6,TCP,2962,0
90.269756,10.0.0.2,10.0.0.6,TCP,2962,0
90.272166,10.0.0.2,10.0.0.6,TCP,2962,0
90.314439,10.0.0.2,10.0.0.6,TCP,2962,0
90.316975,10.0.0.2,10.0.0.6,TCP,2962,0
90.358926,10.0.0.2,10.0.0.6,TCP,2962,0
90.361354,10.0.0.2,10.0.0.6,TCP,2962,0
90.400141,10.0.0.5,10.0.0.6,TCP,1057,1
90.403525,10.0.0.2,10.0.0.6,TCP,2962,0
90.406013,10.0.0.2,10.0.0.6,TCP,2962,0
90.448133,10.0.0.2,10.0.0.6,TCP,2962,0
90.450616,10.0.0.2,10.0.0.6,TCP,2962,0
90.492719,10.0.0.2,10.0.0.6,TCP,2962,0
90.49512,10.0.0.2,10.0.0.6,TCP,2962,0
90.500925,10.0.0.5,10.0.0.6,TCP,1057,1
90.537272,10.0.0.2,10.0.0.6,TCP,2962,0
90.539702,10.0.0.2,10.0.0.6,TCP,2962,0
90.581894,10.0.0.2,10.0.0.6,TCP,2962,0
90.584509,10.0.0.2,10.0.0.6,TCP,2962,0
90.626567,10.0.0.2,10.0.0.6,TCP,2962,0
90.628891,10.0.0.2,10.0.0.6,TCP,2962,0
90.671315,10.0.0.2,10.0.0.6,TCP,2962,0
90.673824,10.0.0.2,10.0.0.6,TCP,2962,0
90.715639,10.0.0.2,10.0.0.6,TCP,2962,0
90.718127,10.0.0.2,10.0.0.6,TCP,2962,0
90.760497,10.0.0.2,10.0.0.6,TCP,1514,1
90.761537,10.0.0.2,10.0.0.6,TCP,2962,0
90.763849,10.0.0.2,10.0.0.6,TCP,2962,0
90.806217,10.0.0.2,10.0.0.6,TCP,2962,0
90.808832,10.0.0.2,10.0.0.6,TCP,2962,0
90.853072,10.0.0.2,10.0.0.6,TCP,2962,0
90.855295,10.0.0.2,10.0.0.6,TCP,2962,0
90.897428,10.0.0.2,10.0.0.6,TCP,2962,0
90.899868,10.0.0.2,10.0.0.6,TCP,2962,0
90.942057,10.0.0.2,10.0.0.6,TCP,2962,0
90.944554,10.0.0.2,10.0.0.6,TCP,2962,0
90.986691,10.0.0.2,10.0.0.6,TCP,2962,0
90.989328,10.0.0.2,10.0.0.6,TCP,2962,0
91.031205,10.0.0.2,10.0.0.6,TCP,2962,0
91.033619,10.0.0.2,10.0.0.6,TCP,2962,0
91.075838,10.0.0.2,10.0.0.6,TCP,2962,0
91.078232,10.0.0.2,10.0.0.6,TCP,2962,0
91.120408,10.0.0.2,10.0.0.6,TCP,2962,0
91.122848,10.0.0.2,10.0.0.6,TCP,2962,0
91.165029,10.0.0.2,10.0.0.6,TCP,2962,0
91.167427,10.0.0.2,10.0.0.6,TCP,2962,0
91.209597,10.0.0.2,10.0.0.6,TCP,2962,0
91.213813,10.0.0.2,10.0.0.6,TCP,2962,0
91.255889,10.0.0.2,10.0.0.6,TCP,2962,0
91.258442,10.0.0.2,10.0.0.6,TCP,2962,0
91.300453,10.0.0.2,10.0.0.6,TCP,2962,0
91.303122,10.0.0.2,10.0.0.6,TCP,2962,0
91.34507,10.0.0.2,10.0.0.6,TCP,2962,0
91.347473,10.0.0.2,10.0.0.6,TCP,2962,0
91.389649,10.0.0.2,10.0.0.6,TCP,2962,0
91.392085,10.0.0.2,10.0.0.6,TCP,2962,0
91.42492,10.0.0.5,10.0.0.6,TCP,1057,1
91.434212,10.0.0.2,10.0.0.6,TCP,1514,1
91.435436,10.0.0.2,10.0.0.6,TCP,2962,0
91.437919,10.0.0.2,10.0.0.6,TCP,2962,0
91.480017,10.0.0.2,10.0.0.6,TCP,2962,0
91.482515,10.0.0.2,10.0.0.6,TCP,2962,0
91.524634,10.0.0.2,10.0.0.6,TCP,2962,0
91.527117,10.0.0.2,10.0.0.6,TCP,2962,0
91.5692,10.0.0.2,10.0.0.6,TCP,2962,0
91.571657,10.0.0.2,10.0.0.6,TCP,2962,0
91.613772,10.0.0.2,10.0.0.6,TCP,2962,0
91.616284,10.0.0.2,10.0.0.6,TCP,2962,0
91.634693,10.0.0.5,10.0.0.6,TCP,1057,1
91.638922,10.0.0.5,10.0.0.6,TCP,1057,1
91.658387,10.0.0.2,10.0.0.6,TCP,2962,0
91.660837,10.0.0.2,10.0.0.6,TCP,2962,0
91.703012,10.0.0.2,10.0.0.6,TCP,2962,0
91.705594,10.0.0.2,10.0.0.6,TCP,2962,0
91.722186,10.0.0.5,10.0.0.6,TCP,1057,1
91.747555,10.0.0.2,10.0.0.6,TCP,2962,0
91.749965,10.0.0.2,10.0.0.6,TCP,2962,0
91.792295,10.0.0.2,10.0.0.6,TCP,2962,0
91.794557,10.0.0.2,10.0.0.6,TCP,2962,0
91.838737,10.0.0.2,10.0.0.6,TCP,2962,0
91.841248,10.0.0.2,10.0.0.6,TCP,2962,0
91.88335,10.0.0.2,10.0.0.6,TCP,2962,0
91.885926,10.0.0.2,10.0.0.6,TCP,2962,0
91.927935,10.0.0.2,10.0.0.6,TCP,2962,0
91.930606,10.0.0.2,10.0.0.6,TCP,2962,0
91.972526,10.0.0.2,10.0.0.6,TCP,2962,0
91.975309,10.0.0.2,10.0.0.6,TCP,2962,0
92.01709,10.0.0.2,10.0.0.6,TCP,2962,0
92.019572,10.0.0.2,10.0.0.6,TCP,2962,0
92.061672,10.0.0.2,10.0.0.6,TCP,2962,0
92.064155,10.0.0.2,10.0.0.6,TCP,2962,0
92.106265,10.0.0.2,10.0.0.6,TCP,1514,1
92.107476,10.0.0.2,10.0.0.6,TCP,2962,0
92.109964,10.0.0.2,10.0.0.6,TCP,2962,0
92.152067,10.0.0.2,10.0.0.6,TCP,2962,0
92.154504,10.0.0.2,10.0.0.6,TCP,2962,0
92.197112,10.0.0.2,10.0.0.6,TCP,2962,0
92.19949,10.0.0.2,10.0.0.6,TCP,2962,0
92.245214,10.0.0.2,10.0.0.6,TCP,2962,0
92.247448,10.0.0.2,10.0.0.6,TCP,2962,0
92.29056,10.0.0.2,10.0.0.6,TCP,2962,0
92.293029,10.0.0.2,10.0.0.6,TCP,2962,0
92.335136,10.0.0.2,10.0.0.6,TCP,2962,0
92.337662,10.0.0.2,10.0.0.6,TCP,2962,0
92.379755,10.0.0.2,10.0.0.6,TCP,2962,0
92.382348,10.0.0.2,10.0.0.6,TCP,2962,0
92.424431,10.0.0.2,10.0.0.6,TCP,2962,0
92.427029,10.0.0.2,10.0.0.6,TCP,2962,0
92.469082,10.0.0.2,10.0.0.6,TCP,2962,0
92.471334,10.0.0.2,10.0.0.6,TCP,2962,0
92.513717,10.0.0.2,10.0.0.6,TCP,2962,0
92.515921,10.0.0.2,10.0.0.6,TCP,2962,0
92.558093,10.0.0.2,10.0.0.6,TCP,2962,0
92.56054,10.0.0.2,10.0.0.6,TCP,2962,0
92.602671,10.0.0.2,10.0.0.6,TCP,2962,0
92.605171,10.0.0.2,10.0.0.6,TCP,2962,0
92.647297,10.0.0.2,10.0.0.6,TCP,2962,0
92.649817,10.0.0.2,10.0.0.6,TCP,2962,0
92.691873,10.0.0.2,10.0.0.6,TCP,2962,0
92.694464,10.0.0.2,10.0.0.6,TCP,2962,0
92.736633,10.0.0.2,10.0.0.6,TCP,2962,0
92.739249,10.0.0.2,10.0.0.6,TCP,2962,0
92.781265,10.0.0.2,10.0.0.6,TCP,2962,0
92.783457,10.0.0.2,10.0.0.6,TCP,1514,1
92.786354,10.0.0.2,10.0.0.6,TCP,2962,0
92.828376,10.0.0.2,10.0.0.6,TCP,2962,0
92.834189,10.0.0.2,10.0.0.6,TCP,2962,0
92.872994,10.0.0.2,10.0.0.6,TCP,2962,0
92.880466,10.0.0.2,10.0.0.6,TCP,2962,0
92.91761,10.0.0.2,10.0.0.6,TCP,2962,0
92.926737,10.0.0.2,10.0.0.6,TCP,2962,0
92.962266,10.0.0.2,10.0.0.6,TCP,2962,0
92.973182,10.0.0.2,10.0.0.6,TCP,2962,0
93.006758,10.0.0.2,10.0.0.6,TCP,2962,0
93.019311,10.0.0.2,10.0.0.6,TCP,2962,0
93.051312,10.0.0.2,10.0.0.6,TCP,2962,0
93.065589,10.0.0.2,10.0.0.6,TCP,2962,0
93.095906,10.0.0.2,10.0.0.6,TCP,2962,0
93.111868,10.0.0.2,10.0.0.6,TCP,2962,0
93.140512,10.0.0.2,10.0.0.6,TCP,2962,0
93.158148,10.0.0.2,10.0.0.6,TCP,2962,0
93.185104,10.0.0.2,10.0.0.6,TCP,2962,0
93.204422,10.0.0.2,10.0.0.6,TCP,2962,0
93.229715,10.0.0.2,10.0.0.6,TCP,2962,0
93.250709,10.0.0.2,10.0.0.6,TCP,2962,0
93.274387,10.0.0.2,10.0.0.6,TCP,2962,0
93.296986,10.0.0.2,10.0.0.6,TCP,2962,0
93.319075,10.0.0.2,10.0.0.6,TCP,2962,0
93.343268,10.0.0.2,10.0.0.6,TCP,2962,0
93.363439,10.0.0.2,10.0.0.6,TCP,2962,0
93.389541,10.0.0.2,10.0.0.6,TCP,2962,0
93.408052,10.0.0.2,10.0.0.6,TCP,2962,0
93.435821,10.0.0.2,10.0.0.6,TCP,2962,0
93.452809,10.0.0.2,10.0.0.6,TCP,1514,1
93.453846,10.0.0.2,10.0.0.6,TCP,2962,0
93.483303,10.0.0.2,10.0.0.6,TCP,2962,0
93.498448,10.0.0.2,10.0.0.6,TCP,2962,0
93.529586,10.0.0.2,10.0.0.6,TCP,2962,0
93.543027,10.0.0.2,10.0.0.6,TCP,2962,0
93.575846,10.0.0.2,10.0.0.6,TCP,2962,0
93.587603,10.0.0.2,10.0.0.6,TCP,2962,0
93.622143,10.0.0.2,10.0.0.6,TCP,2962,0
93.63225,10.0.0.2,10.0.0.6,TCP,2962,0
93.668421,10.0.0.2,10.0.0.6,TCP,2962,0
93.676896,10.0.0.2,10.0.0.6,TCP,2962,0
93.714831,10.0.0.2,10.0.0.6,TCP,2962,0
93.721565,10.0.0.2,10.0.0.6,TCP,2962,0
93.760983,10.0.0.2,10.0.0.6,TCP,2962,0
93.765938,10.0.0.2,10.0.0.6,TCP,2962,0
93.807366,10.0.0.2,10.0.0.6,TCP,2962,0
93.810519,10.0.0.2,10.0.0.6,TCP,2962,0
93.854481,10.0.0.2,10.0.0.6,TCP,2962,0
93.857332,10.0.0.2,10.0.0.6,TCP,2962,0
93.89907,10.0.0.2,10.0.0.6,TCP,2962,0
93.901563,10.0.0.2,10.0.0.6,TCP,2962,0
93.943673,10.0.0.2,10.0.0.6,TCP,2962,0
93.946191,10.0.0.2,10.0.0.6,TCP,2962,0
93.98828,10.0.0.2,10.0.0.6,TCP,2962,0
93.990676,10.0.0.2,10.0.0.6,TCP,2962,0
94.033069,10.0.0.2,10.0.0.6,TCP,2962,0
94.035271,10.0.0.2,10.0.0.6,TCP,2962,0
94.077422,10.0.0.2,10.0.0.6,TCP,2962,0
94.079866,10.0.0.2,10.0.0.6,TCP,2962,0
94.122009,10.0.0.2,10.0.0.6,TCP,2962,0
94.124533,10.0.0.2,10.0.0.6,TCP,1514,1
94.126037,10.0.0.2,10.0.0.6,TCP,2962,0
94.167817,10.0.0.2,10.0.0.6,TCP,2962,0
94.170312,10.0.0.2,10.0.0.6,TCP,2962,0
94.181124,10.0.0.5,10.0.0.6,TCP,1057,1
94.212427,10.0.0.2,10.0.0.6,TCP,2962,0
94.214884,10.0.0.2,10.0.0.6,TCP,2962,0
94.256986,10.0.0.2,10.0.0.6,TCP,2962,0
94.2595,10.0.0.2,10.0.0.6,TCP,2962,0
94.301568,10.0.0.2,10.0.0.6,TCP,2962,0
94.303994,10.0.0.2,10.0.0.6,TCP,2962,0
94.346224,10.0.0.2,10.0.0.6,TCP,2962,0
94.348816,10.0.0.2,10.0.0.6,TCP,2962,0
94.390944,10.0.0.2,10.0.0.6,TCP,2962,0
94.393184,10.0.0.2,10.0.0.6,TCP,2962,0
94.415901,10.0.0.5,10.0.0.6,TCP,1057,1
94.435331,10.0.0.2,10.0.0.6,TCP,2962,0
94.437836,10.0.0.2,10.0.0.6,TCP,2962,0
94.479924,10.0.0.2,10.0.0.6,TCP,2962,0
94.482414,10.0.0.2,10.0.0.6,TCP,2962,0
94.524791,10.0.0.2,10.0.0.6,TCP,2962,0
94.527044,10.0.0.2,10.0.0.6,TCP,2962,0
94.569104,10.0.0.2,10.0.0.6,TCP,2962,0
94.571528,10.0.0.2,10.0.0.6,TCP,2962,0
94.61378,10.0.0.2,10.0.0.6,TCP,2962,0
94.616103,10.0.0.2,10.0.0.6,TCP,2962,0
94.65828,10.0.0.2,10.0.0.6,TCP,2962,0
94.660704,10.0.0.2,10.0.0.6,TCP,2962,0
94.702894,10.0.0.2,10.0.0.6,TCP,2962,0
94.705535,10.0.0.2,10.0.0.6,TCP,2962,0
94.74746,10.0.0.2,10.0.0.6,TCP,2962,0
94.749936,10.0.0.2,10.0.0.6,TCP,2962,0
94.792135,10.0.0.2,10.0.0.6,TCP,2962,0
94.794463,10.0.0.2,10.0.0.6,TCP,1514,1
94.795691,10.0.0.2,10.0.0.6,TCP,2962,0
94.839307,10.0.0.2,10.0.0.6,TCP,2962,0
94.84179,10.0.0.2,10.0.0.6,TCP,2962,0
94.883893,10.0.0.2,10.0.0.6,TCP,2962,0
94.886389,10.0.0.2,10.0.0.6,TCP,2962,0
94.928511,10.0.0.2,10.0.0.6,TCP,2962,0
94.930986,10.0.0.2,10.0.0.6,TCP,2962,0
94.973105,10.0.0.2,10.0.0.6,TCP,2962,0
94.975685,10.0.0.2,10.0.0.6,TCP,2962,0
95.017854,10.0.0.2,10.0.0.6,TCP,2962,0
95.02007,10.0.0.2,10.0.0.6,TCP,2962,0
95.036885,10.0.0.5,10.0.0.6,TCP,1057,1
95.062245,10.0.0.2,10.0.0.6,TCP,2962,0
95.064712,10.0.0.2,10.0.0.6,TCP,2962,0
95.106833,10.0.0.2,10.0.0.6,TCP,2962,0
95.109318,10.0.0.2,10.0.0.6,TCP,2962,0
95.151433,10.0.0.2,10.0.0.6,TCP,2962,0
95.153977,10.0.0.2,10.0.0.6,TCP,2962,0
95.196038,10.0.0.2,10.0.0.6,TCP,2962,0
95.198643,10.0.0.2,10.0.0.6,TCP,2962,0
95.240758,10.0.0.2,10.0.0.6,TCP,2962,0
95.243008,10.0.0.2,10.0.0.6,TCP,2962,0
95.285438,10.0.0.2,10.0.0.6,TCP,2962,0
95.2876,10.0.0.2,10.0.0.6,TCP,2962,0
95.32987,10.0.0.2,10.0.0.6,TCP,2962,0
95.332259,10.0.0.2,10.0.0.6,TCP,2962,0
95.374692,10.0.0.2,10.0.0.6,TCP,2962,0
95.376946,10.0.0.2,10.0.0.6,TCP,2962,0
95.419815,10.0.0.2,10.0.0.6,TCP,2962,0
95.422542,10.0.0.2,10.0.0.6,TCP,2962,0
95.464638,10.0.0.2,10.0.0.6,TCP,2962,0
95.466801,10.0.0.2,10.0.0.6,TCP,1514,1
95.468262,10.0.0.2,10.0.0.6,TCP,2962,0
95.510395,10.0.0.2,10.0.0.6,TCP,2962,0
95.512625,10.0.0.2,10.0.0.6,TCP,2962,0
95.519277,10.0.0.5,10.0.0.6,TCP,1057,1
95.554808,10.0.0.2,10.0.0.6,TCP,2962,0
95.557198,10.0.0.2,10.0.0.6,TCP,2962,0
95.599362,10.0.0.2,10.0.0.6,TCP,2962,0
95.601848,10.0.0.2,10.0.0.6,TCP,2962,0
95.643938,10.0.0.2,10.0.0.6,TCP,2962,0
95.646458,10.0.0.2,10.0.0.6,TCP,2962,0
95.68873,10.0.0.2,10.0.0.6,TCP,2962,0
95.690985,10.0.0.2,10.0.0.6,TCP,2962,0
95.73314,10.0.0.2,10.0.0.6,TCP,2962,0
95.735566,10.0.0.2,10.0.0.6,TCP,2962,0
95.75743,10.0.0.5,10.0.0.6,TCP,1057,1
95.778551,10.0.0.2,10.0.0.6,TCP,2962,0
95.781026,10.0.0.2,10.0.0.6,TCP,2962,0
95.823145,10.0.0.2,10.0.0.6,TCP,2962,0
95.828694,10.0.0.2,10.0.0.6,TCP,2962,0
95.869592,10.0.0.2,10.0.0.6,TCP,2962,0
95.872037,10.0.0.2,10.0.0.6,TCP,2962,0
95.914212,10.0.0.2,10.0.0.6,TCP,2962,0
95.916755,10.0.0.2,10.0.0.6,TCP,2962,0
95.958794,10.0.0.2,10.0.0.6,TCP,2962,0
95.96139,10.0.0.2,10.0.0.6,TCP,2962,0
96.003357,10.0.0.2,10.0.0.6,TCP,2962,0
96.005856,10.0.0.2,10.0.0.6,TCP,2962,0
96.047965,10.0.0.2,10.0.0.6,TCP,2962,0
96.050443,10.0.0.2,10.0.0.6,TCP,2962,0
96.062944,10.0.0.5,10.0.0.6,TCP,1057,1
96.092557,10.0.0.2,10.0.0.6,TCP,2962,0
96.095042,10.0.0.2,10.0.0.6,TCP,2962,0
96.137146,10.0.0.2,10.0.0.6,TCP,2962,0
96.139708,10.0.0.2,10.0.0.6,TCP,1514,1
96.141294,10.0.0.2,10.0.0.6,TCP,2962,0
96.182917,10.0.0.2,10.0.0.6,TCP,2962,0
96.185465,10.0.0.2,10.0.0.6,TCP,2962,0
96.227509,10.0.0.2,10.0.0.6,TCP,2962,0
96.229915,10.0.0.2,10.0.0.6,TCP,2962,0
96.272102,10.0.0.2,10.0.0.6,TCP,2962,0
96.276422,10.0.0.2,10.0.0.6,TCP,2962,0
96.318542,10.0.0.2,10.0.0.6,TCP,2962,0
96.320796,10.0.0.2,10.0.0.6,TCP,2962,0
96.357049,10.0.0.5,10.0.0.6,TCP,1057,1
96.36296,10.0.0.2,10.0.0.6,TCP,2962,0
96.365846,10.0.0.2,10.0.0.6,TCP,2962,0
96.407562,10.0.0.2,10.0.0.6,TCP,2962,0
96.409982,10.0.0.2,10.0.0.6,TCP,2962,0
96.45217,10.0.0.2,10.0.0.6,TCP,2962,0
96.454724,10.0.0.2,10.0.0.6,TCP,2962,0
96.496808,10.0.0.2,10.0.0.6,TCP,2962,0
96.499453,10.0.0.2,10.0.0.6,TCP,2962,0
96.54165,10.0.0.2,10.0.0.6,TCP,2962,0
96.544117,10.0.0.2,10.0.0.6,TCP,2962,0
96.585895,10.0.0.2,10.0.0.6,TCP,2962,0
96.588429,10.0.0.2,10.0.0.6,TCP,2962,0
96.630479,10.0.0.2,10.0.0.6,TCP,2962,0
96.633034,10.0.0.2,10.0.0.6,TCP,2962,0
96.637882,10.0.0.5,10.0.0.6,TCP,1057,1
96.675161,10.0.0.2,10.0.0.6,TCP,2962,0
96.67777,10.0.0.2,10.0.0.6,TCP,2962,0
96.71968,10.0.0.2,10.0.0.6,TCP,2962,0
96.722162,10.0.0.2,10.0.0.6,TCP,2962,0
96.74819,10.0.0.5,10.0.0.6,TCP,1057,1
96.764251,10.0.0.2,10.0.0.6,TCP,2962,0
96.766751,10.0.0.2,10.0.0.6,TCP,2962,0
96.769245,10.0.0.5,10.0.0.6,TCP,1057,1
96.808871,10.0.0.2,10.0.0.6,TCP,2962,0
96.811375,10.0.0.2,10.0.0.6,TCP,1514,1
96.812481,10.0.0.2,10.0.0.6,TCP,2962,0
96.856322,10.0.0.2,10.0.0.6,TCP,2962,0
96.858778,10.0.0.2,10.0.0.6,TCP,2962,0
96.900905,10.0.0.2,10.0.0.6,TCP,2962,0
96.903446,10.0.0.2,10.0.0.6,TCP,2962,0
96.945465,10.0.0.2,10.0.0.6,TCP,2962,0
96.947896,10.0.0.2,10.0.0.6,TCP,2962,0
96.99007,10.0.0.2,10.0.0.6,TCP,2962,0
96.992564,10.0.0.2,10.0.0.6,TCP,2962,0
97.034752,10.0.0.2,10.0.0.6,TCP,2962,0
97.037395,10.0.0.2,10.0.0.6,TCP,2962,0
97.079477,10.0.0.2,10.0.0.6,TCP,2962,0
97.081653,10.0.0.2,10.0.0.6,TCP,2962,0
97.090008,10.0.0.5,10.0.0.6,TCP,1057,1
97.123822,10.0.0.2,10.0.0.6,TCP,2962,0
97.126308,10.0.0.2,10.0.0.6,TCP,2962,0
97.168438,10.0.0.2,10.0.0.6,TCP,2962,0
97.1709,10.0.0.2,10.0.0.6,TCP,2962,0
97.21306,10.0.0.2,10.0.0.6,TCP,2962,0
97.21542,10.0.0.2,10.0.0.6,TCP,2962,0
97.257822,10.0.0.2,10.0.0.6,TCP,2962,0
97.260002,10.0.0.2,10.0.0.6,TCP,2962,0
97.276812,10.0.0.5,10.0.0.6,TCP,1057,1
97.302176,10.0.0.2,10.0.0.6,TCP,2962,0
97.304646,10.0.0.2,10.0.0.6,TCP,2962,0
97.346761,10.0.0.2,10.0.0.6,TCP,2962,0
97.349242,10.0.0.2,10.0.0.6,TCP,2962,0
97.393337,10.0.0.2,10.0.0.6,TCP,2962,0
97.395387,10.0.0.2,10.0.0.6,TCP,2962,0
97.43734,10.0.0.2,10.0.0.6,TCP,2962,0
97.43953,10.0.0.2,10.0.0.6,TCP,2962,0
97.449539,10.0.0.1,10.0.0.6,TCP,74,1
97.488559,10.0.0.2,10.0.0.6,TCP,2962,0
97.491596,10.0.0.2,10.0.0.6,TCP,1514,0
97.493839,10.0.0.2,10.0.0.6,TCP,2962,0
97.546277,10.0.0.2,10.0.0.6,TCP,2962,0
97.551901,10.0.0.2,10.0.0.6,TCP,2962,0
97.580479,10.0.0.1,10.0.0.6,TCP,66,1
97.582225,10.0.0.1,10.0.0.6,TCP,2962,0
97.586335,10.0.0.1,10.0.0.6,TCP,126,1
97.586562,10.0.0.1,10.0.0.6,TCP,1514,1
97.58864,10.0.0.1,10.0.0.6,TCP,1514,1
97.592323,10.0.0.1,10.0.0.6,TCP,1514,1
97.596011,10.0.0.1,10.0.0.6,TCP,1514,1
97.598121,10.0.0.1,10.0.0.6,TCP,2962,0
97.600829,10.0.0.2,10.0.0.6,TCP,2962,0
97.608815,10.0.0.2,10.0.0.6,TCP,2962,0
97.640871,10.0.0.1,10.0.0.6,TCP,1514,1
97.642055,10.0.0.1,10.0.0.6,TCP,2962,0
97.648722,10.0.0.1,10.0.0.6,TCP,66,1
97.648726,10.0.0.1,10.0.0.6,TCP,2962,0
97.651317,10.0.0.2,10.0.0.6,TCP,2962,0
97.66121,10.0.0.2,10.0.0.6,TCP,2962,0
97.696627,10.0.0.1,10.0.0.6,TCP,2962,0
97.699097,10.0.0.1,10.0.0.6,TCP,2962,0
97.701651,10.0.0.2,10.0.0.6,TCP,2962,0
97.712332,10.0.0.2,10.0.0.6,TCP,2962,0
97.719822,10.0.0.5,10.0.0.6,TCP,1057,1
97.746021,10.0.0.1,10.0.0.6,TCP,2962,0
97.748481,10.0.0.1,10.0.0.6,TCP,2962,0
97.750877,10.0.0.2,10.0.0.6,TCP,2962,0
97.763446,10.0.0.2,10.0.0.6,TCP,2962,0
97.795464,10.0.0.1,10.0.0.6,TCP,2962,0
97.797962,10.0.0.1,10.0.0.6,TCP,2962,0
97.800314,10.0.0.2,10.0.0.6,TCP,2962,0
97.814596,10.0.0.2,10.0.0.6,TCP,2962,0
97.849062,10.0.0.1,10.0.0.6,TCP,2962,0
97.851261,10.0.0.1,10.0.0.6,TCP,2962,0
97.853741,10.0.0.2,10.0.0.6,TCP,2962,0
97.869461,10.0.0.2,10.0.0.6,TCP,2962,0
97.899798,10.0.0.1,10.0.0.6,TCP,2962,0
97.902275,10.0.0.1,10.0.0.6,TCP,2962,0
97.904771,10.0.0.2,10.0.0.6,TCP,2962,0
97.92058,10.0.0.2,10.0.0.6,TCP,2962,0
97.949212,10.0.0.1,10.0.0.6,TCP,2962,0
97.95165,10.0.0.1,10.0.0.6,TCP,2962,0
97.954224,10.0.0.2,10.0.0.6,TCP,2962,0
97.967479,10.0.0.5,10.0.0.6,TCP,1057,1
97.971712,10.0.0.2,10.0.0.6,TCP,2962,0
97.998713,10.0.0.1,10.0.0.6,TCP,1514,1
97.999947,10.0.0.1,10.0.0.6,TCP,2962,0
98.002824,10.0.0.1,10.0.0.6,TCP,2962,0
98.009844,10.0.0.2,10.0.0.6,TCP,2962,0
98.021195,10.0.0.5,10.0.0.6,TCP,1057,1
98.024573,10.0.0.2,10.0.0.6,TCP,2962,0
98.051017,10.0.0.1,10.0.0.6,TCP,2962,0
98.053276,10.0.0.1,10.0.0.6,TCP,2962,0
98.062478,10.0.0.2,10.0.0.6,TCP,2962,0
98.079268,10.0.0.2,10.0.0.6,TCP,2962,0
98.100446,10.0.0.1,10.0.0.6,TCP,2962,0
98.103053,10.0.0.1,10.0.0.6,TCP,2962,0
98.113597,10.0.0.2,10.0.0.6,TCP,2962,0
98.132925,10.0.0.2,10.0.0.6,TCP,2962,0
98.149992,10.0.0.1,10.0.0.6,TCP,2962,0
98.152542,10.0.0.1,10.0.0.6,TCP,1514,1
98.156183,10.0.0.1,10.0.0.6,TCP,2962,0
98.166211,10.0.0.2,10.0.0.6,TCP,2962,0
98.188077,10.0.0.2,10.0.0.6,TCP,2962,0
98.200937,10.0.0.1,10.0.0.6,TCP,2962,0
98.207316,10.0.0.1,10.0.0.6,TCP,2962,0
98.219862,10.0.0.2,10.0.0.6,TCP,2962,0
98.231603,10.0.0.5,10.0.0.6,TCP,1057,1
98.244305,10.0.0.2,10.0.0.6,TCP,2962,0
98.250293,10.0.0.1,10.0.0.6,TCP,2962,0
98.258427,10.0.0.1,10.0.0.6,TCP,2962,0
98.273529,10.0.0.2,10.0.0.6,TCP,1514,0
98.274747,10.0.0.2,10.0.0.6,TCP,2962,0
98.298919,10.0.0.2,10.0.0.6,TCP,2962,0
98.301563,10.0.0.1,10.0.0.6,TCP,2962,0
98.311315,10.0.0.1,10.0.0.6,TCP,2962,0
98.32981,10.0.0.2,10.0.0.6,TCP,2962,0
98.348301,10.0.0.2,10.0.0.6,TCP,2962,0
98.35098,10.0.0.1,10.0.0.6,TCP,1514,1
98.353625,10.0.0.1,10.0.0.6,TCP,2962,0
98.363652,10.0.0.1,10.0.0.6,TCP,2962,0
98.384773,10.0.0.2,10.0.0.6,TCP,2962,0
98.398923,10.0.0.2,10.0.0.6,TCP,2962,0
98.40475,10.0.0.1,10.0.0.6,TCP,2962,0
98.417311,10.0.0.1,10.0.0.6,TCP,2962,0
98.440899,10.0.0.2,10.0.0.6,TCP,2962,0
98.448639,10.0.0.2,10.0.0.6,TCP,2962,0
98.455897,10.0.0.1,10.0.0.6,TCP,2962,0
98.470984,10.0.0.1,10.0.0.6,TCP,2962,0
98.495402,10.0.0.2,10.0.0.6,TCP,2962,0
98.497808,10.0.0.2,10.0.0.6,TCP,2962,0
98.506999,10.0.0.1,10.0.0.6,TCP,2962,0
98.524639,10.0.0.1,10.0.0.6,TCP,1514,1
98.525861,10.0.0.1,10.0.0.6,TCP,2962,0
98.546197,10.0.0.2,10.0.0.6,TCP,2962,0
98.54851,10.0.0.2,10.0.0.6,TCP,2962,0
98.559325,10.0.0.1,10.0.0.6,TCP,2962,0
98.580356,10.0.0.1,10.0.0.6,TCP,2962,0
98.595461,10.0.0.2,10.0.0.6,TCP,2962,0
98.597943,10.0.0.2,10.0.0.6,TCP,2962,0
98.610464,10.0.0.1,10.0.0.6,TCP,2962,0
98.63401,10.0.0.1,10.0.0.6,TCP,2962,0
98.644916,10.0.0.2,10.0.0.6,TCP,2962,0
98.647331,10.0.0.2,10.0.0.6,TCP,2962,0
98.65566,10.0.0.5,10.0.0.6,TCP,1057,1
98.661576,10.0.0.1,10.0.0.6,TCP,2962,0
98.687671,10.0.0.1,10.0.0.6,TCP,2962,0
98.69433,10.0.0.2,10.0.0.6,TCP,2962,0
98.696787,10.0.0.2,10.0.0.6,TCP,2962,0
98.712745,10.0.0.1,10.0.0.6,TCP,1514,1
98.713935,10.0.0.1,10.0.0.6,TCP,2962,0
98.742538,10.0.0.1,10.0.0.6,TCP,2962,0
98.745025,10.0.0.2,10.0.0.6,TCP,2962,0
98.747617,10.0.0.2,10.0.0.6,TCP,2962,0
98.765876,10.0.0.1,10.0.0.6,TCP,2962,0
98.79199,10.0.0.1,10.0.0.6,TCP,2962,0
98.794471,10.0.0.2,10.0.0.6,TCP,2962,0
98.796904,10.0.0.2,10.0.0.6,TCP,2962,0
98.81701,10.0.0.1,10.0.0.6,TCP,2962,0
98.84338,10.0.0.1,10.0.0.6,TCP,2962,0
98.845574,10.0.0.2,10.0.0.6,TCP,2962,0
98.847993,10.0.0.2,10.0.0.6,TCP,2962,0
98.869874,10.0.0.1,10.0.0.6,TCP,2962,0
98.892729,10.0.0.1,10.0.0.6,TCP,2962,0
98.895356,10.0.0.2,10.0.0.6,TCP,2962,0
98.899116,10.0.0.2,10.0.0.6,TCP,2962,0
98.920994,10.0.0.1,10.0.0.6,TCP,2962,0
98.942857,10.0.0.1,10.0.0.6,TCP,2962,0
98.945283,10.0.0.2,10.0.0.6,TCP,2962,0
98.951098,10.0.0.2,10.0.0.6,TCP,2962,0
98.974654,10.0.0.1,10.0.0.6,TCP,2962,0
98.992497,10.0.0.1,10.0.0.6,TCP,2962,0
98.994715,10.0.0.2,10.0.0.6,TCP,2962,0
99.002213,10.0.0.2,10.0.0.6,TCP,2962,0
99.028312,10.0.0.1,10.0.0.6,TCP,2962,0
99.041725,10.0.0.1,10.0.0.6,TCP,2962,0
99.04418,10.0.0.2,10.0.0.6,TCP,1514,0
99.047054,10.0.0.2,10.0.0.6,TCP,2962,0
99.054551,10.0.0.2,10.0.0.6,TCP,2962,0
99.064608,10.0.0.5,10.0.0.6,TCP,1057,1
99.083209,10.0.0.1,10.0.0.6,TCP,2962,0
99.092466,10.0.0.1,10.0.0.6,TCP,2962,0
99.098186,10.0.0.2,10.0.0.6,TCP,2962,0
99.108214,10.0.0.2,10.0.0.6,TCP,2962,0
99.139377,10.0.0.1,10.0.0.6,TCP,2962,0
99.141877,10.0.0.1,10.0.0.6,TCP,2962,0
99.149301,10.0.0.2,10.0.0.6,TCP,2962,0
99.161867,10.0.0.2,10.0.0.6,TCP,2962,0
99.188809,10.0.0.1,10.0.0.6,TCP,2962,0
99.191274,10.0.0.1,10.0.0.6,TCP,1514,1
99.192712,10.0.0.1,10.0.0.6,TCP,2962,0
99.201654,10.0.0.2,10.0.0.6,TCP,2962,0
99.216758,10.0.0.2,10.0.0.6,TCP,2962,0
99.239529,10.0.0.1,10.0.0.6,TCP,2962,0
99.242099,10.0.0.1,10.0.0.6,TCP,2962,0
99.251959,10.0.0.2,10.0.0.6,TCP,2962,0
99.269648,10.0.0.2,10.0.0.6,TCP,2962,0
99.289474,10.0.0.1,10.0.0.6,TCP,2962,0
99.291861,10.0.0.1,10.0.0.6,TCP,2962,0
99.303593,10.0.0.2,10.0.0.6,TCP,2962,0
99.323774,10.0.0.2,10.0.0.6,TCP,2962,0
99.338891,10.0.0.1,10.0.0.6,TCP,2962,0
99.341444,10.0.0.1,10.0.0.6,TCP,2962,0
99.354722,10.0.0.2,10.0.0.6,TCP,2962,0
99.366443,10.0.0.5,10.0.0.6,TCP,1057,1
99.377436,10.0.0.2,10.0.0.6,TCP,2962,0
99.388327,10.0.0.1,10.0.0.6,TCP,2962,0
99.390846,10.0.0.1,10.0.0.6,TCP,2962,0
99.405843,10.0.0.2,10.0.0.6,TCP,2962,0
99.431092,10.0.0.2,10.0.0.6,TCP,2962,0
99.437734,10.0.0.1,10.0.0.6,TCP,2962,0
99.440218,10.0.0.1,10.0.0.6,TCP,2962,0
99.456961,10.0.0.2,10.0.0.6,TCP,2962,0
99.484932,10.0.0.2,10.0.0.6,TCP,2962,0
99.487549,10.0.0.1,10.0.0.6,TCP,2962,0
99.489595,10.0.0.1,10.0.0.6,TCP,2962,0
99.508086,10.0.0.2,10.0.0.6,TCP,2962,0
99.534193,10.0.0.2,10.0.0.6,TCP,2962,0
99.536875,10.0.0.1,10.0.0.6,TCP,2962,0
99.540718,10.0.0.1,10.0.0.6,TCP,2962,0
99.559263,10.0.0.2,10.0.0.6,TCP,2962,0
99.583626,10.0.0.2,10.0.0.6,TCP,2962,0
99.586296,10.0.0.1,10.0.0.6,TCP,2962,0
99.591847,10.0.0.1,10.0.0.6,TCP,2962,0
99.612025,10.0.0.2,10.0.0.6,TCP,2962,0
99.633892,10.0.0.2,10.0.0.6,TCP,2962,0
99.636348,10.0.0.1,10.0.0.6,TCP,2962,0
99.642975,10.0.0.1,10.0.0.6,TCP,2962,0
99.661458,10.0.0.5,10.0.0.6,TCP,1057,1
99.665686,10.0.0.2,10.0.0.6,TCP,2962,0
99.683327,10.0.0.2,10.0.0.6,TCP,2962,0
99.68577,10.0.0.1,10.0.0.6,TCP,2962,0
99.6941,10.0.0.1,10.0.0.6,TCP,2962,0
99.719439,10.0.0.2,10.0.0.6,TCP,2962,0
99.732953,10.0.0.2,10.0.0.6,TCP,2962,0
99.735616,10.0.0.1,10.0.0.6,TCP,2962,0
99.745221,10.0.0.1,10.0.0.6,TCP,1514,1
99.74646,10.0.0.1,10.0.0.6,TCP,2962,0
99.774232,10.0.0.2,10.0.0.6,TCP,2962,0
99.783415,10.0.0.2,10.0.0.6,TCP,2962,0
99.786016,10.0.0.1,10.0.0.6,TCP,2962,0
99.798411,10.0.0.1,10.0.0.6,TCP,2962,0
99.830919,10.0.0.2,10.0.0.6,TCP,1514,0
99.83217,10.0.0.2,10.0.0.6,TCP,2962,0
99.836367,10.0.0.2,10.0.0.6,TCP,2962,0
99.83902,10.0.0.1,10.0.0.6,TCP,2962,0
99.853037,10.0.0.1,10.0.0.6,TCP,2962,0
99.883389,10.0.0.2,10.0.0.6,TCP,2962,0
99.885943,10.0.0.2,10.0.0.6,TCP,2962,0
99.888153,10.0.0.1,10.0.0.6,TCP,2962,0
99.904064,10.0.0.1,10.0.0.6,TCP,2962,0
99.932716,10.0.0.2,10.0.0.6,TCP,2962,0
99.935194,10.0.0.2,10.0.0.6,TCP,2962,0
99.937676,10.0.0.1,10.0.0.6,TCP,2962,0
99.956028,10.0.0.1,10.0.0.6,TCP,2962,0
99.98234,10.0.0.2,10.0.0.6,TCP,2962,0
99.984591,10.0.0.2,10.0.0.6,TCP,2962,0
99.98706,10.0.0.1,10.0.0.6,TCP,2962,0
100.005463,10.0.0.5,10.0.0.6,TCP,1057,1
100.007159,10.0.0.1,10.0.0.6,TCP,2962,0
100.031575,10.0.0.2,10.0.0.6,TCP,2962,0
100.034118,10.0.0.2,10.0.0.6,TCP,2962,0
100.03676,10.0.0.1,10.0.0.6,TCP,2962,0
100.058285,10.0.0.1,10.0.0.6,TCP,2962,0
100.081576,10.0.0.2,10.0.0.6,TCP,2962,0
100.083421,10.0.0.2,10.0.0.6,TCP,2962,0
100.085898,10.0.0.1,10.0.0.6,TCP,2962,0
100.109422,10.0.0.1,10.0.0.6,TCP,2962,0
100.130571,10.0.0.2,10.0.0.6,TCP,2962,0
100.133163,10.0.0.2,10.0.0.6,TCP,2962,0
100.137853,10.0.0.1,10.0.0.6,TCP,2962,0
100.160529,10.0.0.1,10.0.0.6,TCP,2962,0
100.179859,10.0.0.2,10.0.0.6,TCP,2962,0
100.1823,10.0.0.2,10.0.0.6,TCP,2962,0
100.188928,10.0.0.1,10.0.0.6,TCP,2962,0
100.214185,10.0.0.1,10.0.0.6,TCP,2962,0
100.229436,10.0.0.2,10.0.0.6,TCP,2962,0
100.231711,10.0.0.2,10.0.0.6,TCP,2962,0
100.240049,10.0.0.1,10.0.0.6,TCP,2962,0
100.267852,10.0.0.1,10.0.0.6,TCP,2962,0
100.278746,10.0.0.2,10.0.0.6,TCP,2962,0
100.281207,10.0.0.2,10.0.0.6,TCP,2962,0
100.291182,10.0.0.1,10.0.0.6,TCP,2962,0
100.321529,10.0.0.1,10.0.0.6,TCP,1514,1
100.32304,10.0.0.1,10.0.0.6,TCP,2962,0
100.329373,10.0.0.2,10.0.0.6,TCP,2962,0
100.331794,10.0.0.2,10.0.0.6,TCP,2962,0
100.343528,10.0.0.1,10.0.0.6,TCP,2962,0
100.376539,10.0.0.1,10.0.0.6,TCP,2962,0
100.378803,10.0.0.2,10.0.0.6,TCP,2962,0
100.381275,10.0.0.2,10.0.0.6,TCP,2962,0
100.393805,10.0.0.1,10.0.0.6,TCP,2962,0
100.425867,10.0.0.1,10.0.0.6,TCP,2962,0
100.428266,10.0.0.2,10.0.0.6,TCP,2962,0
100.430732,10.0.0.5,10.0.0.6,TCP,1057,1
100.431512,10.0.0.2,10.0.0.6,TCP,2962,0
100.444922,10.0.0.1,10.0.0.6,TCP,2962,0
100.475301,10.0.0.1,10.0.0.6,TCP,2962,0
100.477857,10.0.0.2,10.0.0.6,TCP,2962,0
100.484331,10.0.0.2,10.0.0.6,TCP,2962,0
100.49864,10.0.0.1,10.0.0.6,TCP,2962,0
100.524707,10.0.0.1,10.0.0.6,TCP,2962,0
100.527218,10.0.0.2,10.0.0.6,TCP,2962,0
100.535444,10.0.0.2,10.0.0.6,TCP,2962,0
100.552253,10.0.0.1,10.0.0.6,TCP,2962,0
100.574107,10.0.0.1,10.0.0.6,TCP,2962,0
100.576577,10.0.0.2,10.0.0.6,TCP,1514,0
100.578147,10.0.0.2,10.0.0.6,TCP,2962,0
100.587783,10.0.0.2,10.0.0.6,TCP,2962,0
100.60627,10.0.0.1,10.0.0.6,TCP,2962,0
100.62498,10.0.0.1,10.0.0.6,TCP,2962,0
100.62718,10.0.0.2,10.0.0.6,TCP,2962,0
100.63891,10.0.0.2,10.0.0.6,TCP,2962,0
100.659926,10.0.0.1,10.0.0.6,TCP,2962,0
100.674303,10.0.0.1,10.0.0.6,TCP,2962,0
100.676653,10.0.0.2,10.0.0.6,TCP,2962,0
100.690035,10.0.0.2,10.0.0.6,TCP,2962,0
100.713593,10.0.0.1,10.0.0.6,TCP,2962,0
100.723622,10.0.0.1,10.0.0.6,TCP,2962,0
100.726401,10.0.0.2,10.0.0.6,TCP,2962,0
100.741161,10.0.0.2,10.0.0.6,TCP,2962,0
100.767464,10.0.0.1,10.0.0.6,TCP,2962,0
100.773144,10.0.0.1,10.0.0.6,TCP,2962,0
100.775482,10.0.0.2,10.0.0.6,TCP,2962,0
100.79228,10.0.0.2,10.0.0.6,TCP,2962,0
100.820061,10.0.0.1,10.0.0.6,TCP,2962,0
100.825573,10.0.0.1,10.0.0.6,TCP,2962,0
100.826778,10.0.0.2,10.0.0.6,TCP,2962,0
100.845216,10.0.0.2,10.0.0.6,TCP,2962,0
100.871314,10.0.0.1,10.0.0.6,TCP,2962,0
100.873809,10.0.0.1,10.0.0.6,TCP,1514,1
100.875159,10.0.0.1,10.0.0.6,TCP,2962,0
100.879907,10.0.0.2,10.0.0.6,TCP,2962,0
100.897572,10.0.0.2,10.0.0.6,TCP,2962,0
100.921986,10.0.0.1,10.0.0.6,TCP,2962,0
100.924501,10.0.0.1,10.0.0.6,TCP,2962,0
100.931042,10.0.0.2,10.0.0.6,TCP,2962,0
100.9453,10.0.0.5,10.0.0.6,TCP,1057,1
100.95037,10.0.0.2,10.0.0.6,TCP,2962,0
100.971396,10.0.0.1,10.0.0.6,TCP,2962,0
100.973937,10.0.0.1,10.0.0.6,TCP,2962,0
100.982163,10.0.0.2,10.0.0.6,TCP,2962,0
101.00403,10.0.0.2,10.0.0.6,TCP,2962,0
101.020856,10.0.0.1,10.0.0.6,TCP,2962,0
101.023451,10.0.0.1,10.0.0.6,TCP,2962,0
101.033307,10.0.0.2,10.0.0.6,TCP,2962,0
101.057702,10.0.0.2,10.0.0.6,TCP,2962,0
101.070278,10.0.0.1,10.0.0.6,TCP,2962,0
101.072782,10.0.0.1,10.0.0.6,TCP,2962,0
101.084389,10.0.0.2,10.0.0.6,TCP,2962,0
101.110501,10.0.0.2,10.0.0.6,TCP,2962,0
101.119704,10.0.0.1,10.0.0.6,TCP,2962,0
101.122166,10.0.0.1,10.0.0.6,TCP,2962,0
101.135529,10.0.0.2,10.0.0.6,TCP,2962,0
101.16405,10.0.0.2,10.0.0.6,TCP,2962,0
101.170052,10.0.0.1,10.0.0.6,TCP,2962,0
101.172247,10.0.0.1,10.0.0.6,TCP,2962,0
101.187368,10.0.0.2,10.0.0.6,TCP,2962,0
101.216891,10.0.0.2,10.0.0.6,TCP,2962,0
101.219552,10.0.0.1,10.0.0.6,TCP,2962,0
101.221685,10.0.0.1,10.0.0.6,TCP,2962,0
101.238495,10.0.0.2,10.0.0.6,TCP,2962,0
101.266315,10.0.0.2,10.0.0.6,TCP,2962,0
101.268808,10.0.0.1,10.0.0.6,TCP,2962,0
101.271119,10.0.0.1,10.0.0.6,TCP,2962,0
101.289625,10.0.0.2,10.0.0.6,TCP,2962,0
101.315728,10.0.0.2,10.0.0.6,TCP,2962,0
101.318218,10.0.0.1,10.0.0.6,TCP,2962,0
101.320772,10.0.0.1,10.0.0.6,TCP,2962,0
101.340728,10.0.0.2,10.0.0.6,TCP,1514,0
101.341954,10.0.0.2,10.0.0.6,TCP,2962,0
101.366494,10.0.0.2,10.0.0.6,TCP,2962,0
101.369084,10.0.0.1,10.0.0.6,TCP,2962,0
101.371195,10.0.0.1,10.0.0.6,TCP,2962,0
101.393922,10.0.0.2,10.0.0.6,TCP,2962,0
101.415841,10.0.0.2,10.0.0.6,TCP,2962,0
101.418237,10.0.0.1,10.0.0.6,TCP,2962,0
101.420674,10.0.0.1,10.0.0.6,TCP,1514,1
101.426075,10.0.0.1,10.0.0.6,TCP,2962,0
101.446263,10.0.0.2,10.0.0.6,TCP,2962,0
101.466431,10.0.0.2,10.0.0.6,TCP,2962,0
101.469322,10.0.0.1,10.0.0.6,TCP,2962,0
101.477204,10.0.0.1,10.0.0.6,TCP,2962,0
101.499951,10.0.0.2,10.0.0.6,TCP,2962,0
101.515886,10.0.0.2,10.0.0.6,TCP,2962,0
101.518292,10.0.0.1,10.0.0.6,TCP,2962,0
101.528327,10.0.0.1,10.0.0.6,TCP,2962,0
101.553581,10.0.0.2,10.0.0.6,TCP,2962,0
101.565455,10.0.0.2,10.0.0.6,TCP,2962,0
101.567716,10.0.0.1,10.0.0.6,TCP,2962,0
101.579517,10.0.0.1,10.0.0.6,TCP,2962,0
101.607262,10.0.0.2,10.0.0.6,TCP,2962,0
101.614847,10.0.0.2,10.0.0.6,TCP,2962,0
101.617164,10.0.0.1,10.0.0.6,TCP,2962,0
101.630581,10.0.0.1,10.0.0.6,TCP,2962,0
101.661038,10.0.0.2,10.0.0.6,TCP,2962,0
101.66416,10.0.0.2,10.0.0.6,TCP,2962,0
101.666737,10.0.0.1,10.0.0.6,TCP,2962,0
101.681702,10.0.0.1,10.0.0.6,TCP,2962,0
101.711203,10.0.0.2,10.0.0.6,TCP,2962,0
101.71407,10.0.0.2,10.0.0.6,TCP,2962,0
101.716038,10.0.0.1,10.0.0.6,TCP,2962,0
101.731129,10.0.0.1,10.0.0.6,TCP,2962,0
101.762416,10.0.0.2,10.0.0.6,TCP,2962,0
101.764735,10.0.0.2,10.0.0.6,TCP,2962,0
101.767205,10.0.0.1,10.0.0.6,TCP,2962,0
101.78225,10.0.0.1,10.0.0.6,TCP,2962,0
101.811748,10.0.0.2,10.0.0.6,TCP,2962,0
101.814514,10.0.0.2,10.0.0.6,TCP,2962,0
101.81659,10.0.0.1,10.0.0.6,TCP,2962,0
101.822392,10.0.0.5,10.0.0.6,TCP,1057,1
101.835357,10.0.0.1,10.0.0.6,TCP,2962,0
101.863115,10.0.0.2,10.0.0.6,TCP,2962,0
101.865559,10.0.0.2,10.0.0.6,TCP,2962,0
101.867934,10.0.0.1,10.0.0.6,TCP,2962,0
101.887284,10.0.0.1,10.0.0.6,TCP,2962,0
101.912559,10.0.0.2,10.0.0.6,TCP,2962,0
101.915033,10.0.0.2,10.0.0.6,TCP,2962,0
101.917584,10.0.0.1,10.0.0.6,TCP,2962,0
101.938418,10.0.0.1,10.0.0.6,TCP,2962,0
101.961957,10.0.0.2,10.0.0.6,TCP,2962,0
101.964415,10.0.0.2,10.0.0.6,TCP,2962,0
101.96701,10.0.0.1,10.0.0.6,TCP,2962,0
101.98108,10.0.0.5,10.0.0.6,TCP,1057,1
101.989537,10.0.0.1,10.0.0.6,TCP,1514,1
101.990746,10.0.0.1,10.0.0.6,TCP,2962,0
102.012622,10.0.0.2,10.0.0.6,TCP,2962,0
102.015094,10.0.0.2,10.0.0.6,TCP,2962,0
102.017581,10.0.0.1,10.0.0.6,TCP,2962,0
102.042714,10.0.0.1,10.0.0.6,TCP,2962,0
102.062067,10.0.0.2,10.0.0.6,TCP,2962,0
102.064505,10.0.0.2,10.0.0.6,TCP,1514,0
102.065978,10.0.0.2,10.0.0.6,TCP,2962,0
102.072336,10.0.0.1,10.0.0.6,TCP,2962,0
102.09505,10.0.0.1,10.0.0.6,TCP,2962,0
102.112716,10.0.0.2,10.0.0.6,TCP,2962,0
102.115312,10.0.0.2,10.0.0.6,TCP,2962,0
102.123446,10.0.0.1,10.0.0.6,TCP,2962,0
102.148712,10.0.0.1,10.0.0.6,TCP,2962,0
102.162109,10.0.0.2,10.0.0.6,TCP,2962,0
102.164666,10.0.0.2,10.0.0.6,TCP,2962,0
102.173737,10.0.0.1,10.0.0.6,TCP,2962,0
102.201557,10.0.0.1,10.0.0.6,TCP,2962,0
102.21157,10.0.0.2,10.0.0.6,TCP,2962,0
102.214049,10.0.0.2,10.0.0.6,TCP,2962,0
102.224853,10.0.0.1,10.0.0.6,TCP,2962,0
102.255207,10.0.0.1,10.0.0.6,TCP,2962,0
102.260979,10.0.0.2,10.0.0.6,TCP,2962,0
102.263405,10.0.0.2,10.0.0.6,TCP,2962,0
102.275979,10.0.0.1,10.0.0.6,TCP,2962,0
102.308024,10.0.0.1,10.0.0.6,TCP,2962,0
102.310488,10.0.0.2,10.0.0.6,TCP,2962,0
102.313218,10.0.0.2,10.0.0.6,TCP,2962,0
102.327097,10.0.0.1,10.0.0.6,TCP,2962,0
102.357429,10.0.0.1,10.0.0.6,TCP,2962,0
102.359854,10.0.0.2,10.0.0.6,TCP,2962,0
102.362422,10.0.0.2,10.0.0.6,TCP,2962,0
102.378219,10.0.0.1,10.0.0.6,TCP,2962,0
102.406863,10.0.0.1,10.0.0.6,TCP,2962,0
102.409343,10.0.0.2,10.0.0.6,TCP,2962,0
102.411718,10.0.0.2,10.0.0.6,TCP,2962,0
102.429533,10.0.0.1,10.0.0.6,TCP,2962,0
102.456512,10.0.0.1,10.0.0.6,TCP,2962,0
102.459107,10.0.0.2,10.0.0.6,TCP,2962,0
102.461128,10.0.0.2,10.0.0.6,TCP,2962,0
102.480484,10.0.0.1,10.0.0.6,TCP,2962,0
102.505936,10.0.0.1,10.0.0.6,TCP,2962,0
102.508146,10.0.0.2,10.0.0.6,TCP,2962,0
102.51227,10.0.0.2,10.0.0.6,TCP,2962,0
102.520594,10.0.0.5,10.0.0.6,TCP,1057,1
102.531603,10.0.0.1,10.0.0.6,TCP,2962,0
102.555174,10.0.0.1,10.0.0.6,TCP,1514,1
102.556383,10.0.0.1,10.0.0.6,TCP,2962,0
102.560493,10.0.0.2,10.0.0.6,TCP,2962,0
102.567982,10.0.0.2,10.0.0.6,TCP,2962,0
102.58647,10.0.0.1,10.0.0.6,TCP,2962,0
102.605998,10.0.0.1,10.0.0.6,TCP,2962,0
102.611633,10.0.0.2,10.0.0.6,TCP,2962,0
102.621643,10.0.0.2,10.0.0.6,TCP,2962,0
102.642666,10.0.0.1,10.0.0.6,TCP,2962,0
102.655287,10.0.0.1,10.0.0.6,TCP,2962,0
102.66275,10.0.0.2,10.0.0.6,TCP,2962,0
102.675299,10.0.0.2,10.0.0.6,TCP,2962,0
102.699065,10.0.0.1,10.0.0.6,TCP,2962,0
102.704833,10.0.0.1,10.0.0.6,TCP,2962,0
102.713125,10.0.0.2,10.0.0.6,TCP,2962,0
102.728192,10.0.0.2,10.0.0.6,TCP,2962,0
102.738177,10.0.0.5,10.0.0.6,TCP,1057,1
102.751691,10.0.0.1,10.0.0.6,TCP,2962,0
102.754185,10.0.0.1,10.0.0.6,TCP,2962,0
102.764124,10.0.0.2,10.0.0.6,TCP,2962,0
102.781804,10.0.0.2,10.0.0.6,TCP,2962,0
102.801109,10.0.0.1,10.0.0.6,TCP,2962,0
102.80358,10.0.0.1,10.0.0.6,TCP,2962,0
102.815285,10.0.0.2,10.0.0.6,TCP,2962,0
102.837588,10.0.0.2,10.0.0.6,TCP,1514,0
102.838824,10.0.0.2,10.0.0.6,TCP,2962,0
102.854031,10.0.0.1,10.0.0.6,TCP,2962,0
102.856338,10.0.0.1,10.0.0.6,TCP,2962,0
102.86978,10.0.0.2,10.0.0.6,TCP,2962,0
102.893328,10.0.0.2,10.0.0.6,TCP,2962,0
102.90337,10.0.0.1,10.0.0.6,TCP,2962,0
102.905969,10.0.0.1,10.0.0.6,TCP,2962,0
102.920891,10.0.0.2,10.0.0.6,TCP,2962,0
102.946982,10.0.0.2,10.0.0.6,TCP,2962,0
102.952841,10.0.0.1,10.0.0.6,TCP,2962,0
102.95546,10.0.0.1,10.0.0.6,TCP,2962,0
102.972045,10.0.0.2,10.0.0.6,TCP,2962,0
102.999815,10.0.0.2,10.0.0.6,TCP,2962,0
103.002283,10.0.0.1,10.0.0.6,TCP,2962,0
103.004826,10.0.0.1,10.0.0.6,TCP,2962,0
103.023148,10.0.0.2,10.0.0.6,TCP,2962,0
103.049227,10.0.0.2,10.0.0.6,TCP,2962,0
103.05167,10.0.0.1,10.0.0.6,TCP,2962,0
103.054223,10.0.0.1,10.0.0.6,TCP,2962,0
103.073457,10.0.0.2,10.0.0.6,TCP,2962,0
103.098667,10.0.0.2,10.0.0.6,TCP,2962,0
103.101141,10.0.0.1,10.0.0.6,TCP,2962,0
103.103514,10.0.0.1,10.0.0.6,TCP,1514,0
103.108947,10.0.0.1,10.0.0.6,TCP,2962,0
103.12575,10.0.0.2,10.0.0.6,TCP,2962,0
103.145118,10.0.0.5,10.0.0.6,TCP,1057,1
103.149339,10.0.0.2,10.0.0.6,TCP,2962,0
103.15173,10.0.0.1,10.0.0.6,TCP,2962,0
103.160101,10.0.0.1,10.0.0.6,TCP,2962,0
103.179412,10.0.0.2,10.0.0.6,TCP,2962,0
103.186919,10.0.0.5,10.0.0.6,TCP,1057,1
103.198736,10.0.0.2,10.0.0.6,TCP,2962,0
103.201185,10.0.0.1,10.0.0.6,TCP,2962,0
103.211208,10.0.0.1,10.0.0.6,TCP,2962,0
103.232227,10.0.0.2,10.0.0.6,TCP,2962,0
103.248201,10.0.0.2,10.0.0.6,TCP,2962,0
103.251075,10.0.0.1,10.0.0.6,TCP,2962,0
103.262332,10.0.0.1,10.0.0.6,TCP,2962,0
103.274052,10.0.0.5,10.0.0.6,TCP,1057,1
103.285923,10.0.0.2,10.0.0.6,TCP,2962,0
103.29762,10.0.0.2,10.0.0.6,TCP,2962,0
103.300052,10.0.0.1,10.0.0.6,TCP,2962,0
103.313467,10.0.0.1,10.0.0.6,TCP,2962,0
103.339548,10.0.0.2,10.0.0.6,TCP,2962,0
103.347282,10.0.0.2,10.0.0.6,TCP,2962,0
103.349467,10.0.0.1,10.0.0.6,TCP,2962,0
103.36458,10.0.0.1,10.0.0.6,TCP,2962,0
103.39345,10.0.0.2,10.0.0.6,TCP,2962,0
103.396563,10.0.0.2,10.0.0.6,TCP,2962,0
103.399155,10.0.0.1,10.0.0.6,TCP,2962,0
103.415697,10.0.0.1,10.0.0.6,TCP,2962,0
103.443491,10.0.0.2,10.0.0.6,TCP,2962,0
103.445964,10.0.0.2,10.0.0.6,TCP,2962,0
103.44854,10.0.0.1,10.0.0.6,TCP,2962,0
103.466822,10.0.0.1,10.0.0.6,TCP,2962,0
103.492942,10.0.0.2,10.0.0.6,TCP,2962,0
103.495349,10.0.0.2,10.0.0.6,TCP,2962,0
103.497878,10.0.0.1,10.0.0.6,TCP,2962,0
103.517106,10.0.0.1,10.0.0.6,TCP,2962,0
103.542336,10.0.0.2,10.0.0.6,TCP,2962,0
103.54482,10.0.0.2,10.0.0.6,TCP,2962,0
103.547314,10.0.0.1,10.0.0.6,TCP,2962,0
103.568218,10.0.0.1,10.0.0.6,TCP,2962,0
103.591941,10.0.0.2,10.0.0.6,TCP,2962,0
103.594536,10.0.0.2,10.0.0.6,TCP,1514,0
103.595419,10.0.0.2,10.0.0.6,TCP,2962,0
103.601224,10.0.0.1,10.0.0.6,TCP,2962,0
103.620556,10.0.0.1,10.0.0.6,TCP,2962,0
103.642514,10.0.0.2,10.0.0.6,TCP,2962,0
103.645086,10.0.0.2,10.0.0.6,TCP,2962,0
103.652367,10.0.0.1,10.0.0.6,TCP,2962,0
103.674329,10.0.0.1,10.0.0.6,TCP,1514,0
103.675861,10.0.0.1,10.0.0.6,TCP,2962,0
103.693102,10.0.0.2,10.0.0.6,TCP,2962,0
103.695498,10.0.0.2,10.0.0.6,TCP,2962,0
103.70384,10.0.0.1,10.0.0.6,TCP,2962,0
103.730351,10.0.0.1,10.0.0.6,TCP,2962,0
103.742589,10.0.0.2,10.0.0.6,TCP,2962,0
103.745244,10.0.0.2,10.0.0.6,TCP,2962,0
103.754964,10.0.0.1,10.0.0.6,TCP,2962,0
103.784137,10.0.0.1,10.0.0.6,TCP,2962,0
103.792325,10.0.0.2,10.0.0.6,TCP,2962,0
103.794754,10.0.0.2,10.0.0.6,TCP,2962,0
103.806454,10.0.0.1,10.0.0.6,TCP,2962,0
103.839941,10.0.0.1,10.0.0.6,TCP,2962,0
103.844102,10.0.0.2,10.0.0.6,TCP,2962,0
103.846704,10.0.0.2,10.0.0.6,TCP,2962,0
103.85989,10.0.0.1,10.0.0.6,TCP,2962,0
103.891069,10.0.0.1,10.0.0.6,TCP,2962,0
103.89354,10.0.0.2,10.0.0.6,TCP,2962,0
103.895884,10.0.0.2,10.0.0.6,TCP,2962,0
103.910147,10.0.0.1,10.0.0.6,TCP,2962,0
103.940509,10.0.0.1,10.0.0.6,TCP,2962,0
103.943063,10.0.0.2,10.0.0.6,TCP,2962,0
103.945324,10.0.0.2,10.0.0.6,TCP,2962,0
103.961292,10.0.0.1,10.0.0.6,TCP,2962,0
103.989902,10.0.0.1,10.0.0.6,TCP,2962,0
103.992392,10.0.0.2,10.0.0.6,TCP,2962,0
103.994998,10.0.0.2,10.0.0.6,TCP,2962,0
104.012406,10.0.0.1,10.0.0.6,TCP,2962,0
104.039343,10.0.0.1,10.0.0.6,TCP,2962,0
104.041872,10.0.0.2,10.0.0.6,TCP,2962,0
104.044179,10.0.0.2,10.0.0.6,TCP,2962,0
104.063526,10.0.0.1,10.0.0.6,TCP,2962,0
104.088809,10.0.0.1,10.0.0.6,TCP,2962,0
104.091258,10.0.0.2,10.0.0.6,TCP,2962,0
104.093799,10.0.0.2,10.0.0.6,TCP,2962,0
104.114655,10.0.0.1,10.0.0.6,TCP,2962,0
104.138203,10.0.0.1,10.0.0.6,TCP,2962,0
104.140649,10.0.0.2,10.0.0.6,TCP,2962,0
104.144742,10.0.0.2,10.0.0.6,TCP,2962,0
104.165778,10.0.0.1,10.0.0.6,TCP,2962,0
104.187637,10.0.0.1,10.0.0.6,TCP,2962,0
104.190126,10.0.0.2,10.0.0.6,TCP,2962,0
104.195853,10.0.0.2,10.0.0.6,TCP,2962,0
104.218586,10.0.0.1,10.0.0.6,TCP,2962,0
104.237075,10.0.0.1,10.0.0.6,TCP,1514,0
104.23854,10.0.0.2,10.0.0.6,TCP,2962,0
104.245814,10.0.0.2,10.0.0.6,TCP,2962,0
104.271036,10.0.0.1,10.0.0.6,TCP,1682,0
104.28429,10.0.0.2,10.0.0.6,TCP,2962,0
104.293463,10.0.0.2,10.0.0.6,TCP,2962,0
104.329933,10.0.0.2,10.0.0.6,TCP,2962,0
104.332343,10.0.0.1,10.0.0.6,TCP,66,1
104.340871,10.0.0.2,10.0.0.6,TCP,1514,0
104.342078,10.0.0.2,10.0.0.6,TCP,2962,0
104.375798,10.0.0.2,10.0.0.6,TCP,2962,0
104.389193,10.0.0.2,10.0.0.6,TCP,2962,0
104.420395,10.0.0.2,10.0.0.6,TCP,2962,0
104.434636,10.0.0.2,10.0.0.6,TCP,2962,0
104.484092,10.0.0.2,10.0.0.6,TCP,2962,0
104.500054,10.0.0.2,10.0.0.6,TCP,2962,0
104.528709,10.0.0.2,10.0.0.6,TCP,2962,0
104.545482,10.0.0.5,10.0.0.6,TCP,1057,1
104.546337,10.0.0.2,10.0.0.6,TCP,2962,0
104.573392,10.0.0.2,10.0.0.6,TCP,2962,0
104.592617,10.0.0.2,10.0.0.6,TCP,2962,0
104.61785,10.0.0.2,10.0.0.6,TCP,2962,0
104.638921,10.0.0.2,10.0.0.6,TCP,2962,0
104.663007,10.0.0.2,10.0.0.6,TCP,2962,0
104.685166,10.0.0.2,10.0.0.6,TCP,2962,0
104.707028,10.0.0.2,10.0.0.6,TCP,2962,0
104.732293,10.0.0.2,10.0.0.6,TCP,2962,0
104.751632,10.0.0.2,10.0.0.6,TCP,2962,0
104.778568,10.0.0.2,10.0.0.6,TCP,2962,0
104.796438,10.0.0.2,10.0.0.6,TCP,2962,0
104.826876,10.0.0.2,10.0.0.6,TCP,2962,0
104.842834,10.0.0.2,10.0.0.6,TCP,2962,0
104.872321,10.0.0.2,10.0.0.6,TCP,2962,0
104.887447,10.0.0.2,10.0.0.6,TCP,2962,0
104.918607,10.0.0.2,10.0.0.6,TCP,2962,0
104.932018,10.0.0.2,10.0.0.6,TCP,2962,0
104.964907,10.0.0.2,10.0.0.6,TCP,2962,0
104.976606,10.0.0.2,10.0.0.6,TCP,2962,0
105.011167,10.0.0.2,10.0.0.6,TCP,2962,0
105.021187,10.0.0.2,10.0.0.6,TCP,2962,0
105.057445,10.0.0.2,10.0.0.6,TCP,1514,0
105.058672,10.0.0.2,10.0.0.6,TCP,2962,0
105.067025,10.0.0.2,10.0.0.6,TCP,2962,0
105.105777,10.0.0.2,10.0.0.6,TCP,2962,0
105.111592,10.0.0.2,10.0.0.6,TCP,2962,0
105.15206,10.0.0.2,10.0.0.6,TCP,2962,0
105.156194,10.0.0.2,10.0.0.6,TCP,2962,0
105.198332,10.0.0.2,10.0.0.6,TCP,2962,0
105.200804,10.0.0.2,10.0.0.6,TCP,2962,0
105.242951,10.0.0.2,10.0.0.6,TCP,2962,0
105.245534,10.0.0.2,10.0.0.6,TCP,2962,0
105.287518,10.0.0.2,10.0.0.6,TCP,2962,0
105.290035,10.0.0.2,10.0.0.6,TCP,2962,0
105.332195,10.0.0.2,10.0.0.6,TCP,2962,0
105.334511,10.0.0.2,10.0.0.6,TCP,2962,0
105.376719,10.0.0.2,10.0.0.6,TCP,2962,0
105.379215,10.0.0.2,10.0.0.6,TCP,2962,0
105.403543,10.0.0.5,10.0.0.6,TCP,1057,1
105.421543,10.0.0.2,10.0.0.6,TCP,2962,0
105.423721,10.0.0.2,10.0.0.6,TCP,2962,0
105.466004,10.0.0.2,10.0.0.6,TCP,2962,0
105.468346,10.0.0.2,10.0.0.6,TCP,2962,0
105.477497,10.0.0.5,10.0.0.6,TCP,1057,1
105.510479,10.0.0.2,10.0.0.6,TCP,2962,0
105.512963,10.0.0.2,10.0.0.6,TCP,2962,0
105.555924,10.0.0.2,10.0.0.6,TCP,2962,0
105.558394,10.0.0.2,10.0.0.6,TCP,2962,0
105.600519,10.0.0.2,10.0.0.6,TCP,2962,0
105.602982,10.0.0.2,10.0.0.6,TCP,2962,0
105.645108,10.0.0.2,10.0.0.6,TCP,2962,0
105.647509,10.0.0.2,10.0.0.6,TCP,2962,0
105.688835,10.0.0.5,10.0.0.6,TCP,1057,1
105.689721,10.0.0.2,10.0.0.6,TCP,2962,0
105.692304,10.0.0.2,10.0.0.6,TCP,2962,0
105.734522,10.0.0.2,10.0.0.6,TCP,1514,0
105.735488,10.0.0.2,10.0.0.6,TCP,2962,0
105.738138,10.0.0.2,10.0.0.6,TCP,2962,0
105.780058,10.0.0.2,10.0.0.6,TCP,2962,0
105.78255,10.0.0.2,10.0.0.6,TCP,2962,0
105.827849,10.0.0.2,10.0.0.6,TCP,2962,0
105.829222,10.0.0.2,10.0.0.6,TCP,2962,0
105.871263,10.0.0.2,10.0.0.6,TCP,2962,0
105.873803,10.0.0.2,10.0.0.6,TCP,2962,0
105.915768,10.0.0.2,10.0.0.6,TCP,2962,0
105.91817,10.0.0.2,10.0.0.6,TCP,2962,0
105.934187,10.0.0.5,10.0.0.6,TCP,1057,1
105.960363,10.0.0.2,10.0.0.6,TCP,2962,0
105.962843,10.0.0.2,10.0.0.6,TCP,2962,0
106.004939,10.0.0.2,10.0.0.6,TCP,2962,0
106.007533,10.0.0.2,10.0.0.6,TCP,2962,0
106.049681,10.0.0.2,10.0.0.6,TCP,2962,0
106.051941,10.0.0.2,10.0.0.6,TCP,2962,0
106.094107,10.0.0.2,10.0.0.6,TCP,2962,0
106.096563,10.0.0.2,10.0.0.6,TCP,2962,0
106.138693,10.0.0.2,10.0.0.6,TCP,2962,0
106.141183,10.0.0.2,10.0.0.6,TCP,2962,0
106.183975,10.0.0.2,10.0.0.6,TCP,2962,0
106.186479,10.0.0.2,10.0.0.6,TCP,2962,0
106.215877,10.0.0.5,10.0.0.6,TCP,1057,1
106.228593,10.0.0.2,10.0.0.6,TCP,2962,0
106.231181,10.0.0.2,10.0.0.6,TCP,2962,0
106.273162,10.0.0.2,10.0.0.6,TCP,2962,0
106.275611,10.0.0.2,10.0.0.6,TCP,2962,0
106.31774,10.0.0.2,10.0.0.6,TCP,2962,0
106.320196,10.0.0.2,10.0.0.6,TCP,2962,0
106.342068,10.0.0.5,10.0.0.6,TCP,1057,1
106.36236,10.0.0.2,10.0.0.6,TCP,2962,0
106.364832,10.0.0.2,10.0.0.6,TCP,2962,0
106.380738,10.0.0.5,10.0.0.6,TCP,1057,1
106.406938,10.0.0.2,10.0.0.6,TCP,1514,0
106.408376,10.0.0.2,10.0.0.6,TCP,2962,0
106.410984,10.0.0.2,10.0.0.6,TCP,2962,0
106.452795,10.0.0.2,10.0.0.6,TCP,2962,0
106.455302,10.0.0.2,10.0.0.6,TCP,2962,0
106.497401,10.0.0.2,10.0.0.6,TCP,2770,0
106.539414,10.0.0.2,10.0.0.6,TCP,66,1
106.622274,10.0.0.5,10.0.0.6,TCP,1057,1
106.679774,10.0.0.5,10.0.0.6,TCP,1057,1
107.320247,10.0.0.5,10.0.0.6,TCP,1057,1
107.342392,10.0.0.5,10.0.0.6,TCP,1057,1
108.113674,10.0.0.5,10.0.0.6,TCP,1057,1
108.115377,10.0.0.5,10.0.0.6,TCP,1057,1
108.555947,10.0.0.5,10.0.0.6,TCP,1057,1
108.733737,10.0.0.5,10.0.0.6,TCP,1057,1
109.08729,10.0.0.5,10.0.0.6,TCP,1057,1
